"p_year","inv_ctry","country","female_share_inventors","total_inventors"
"1980","AT","Austria",0.0114942528735632,696
"1981","AT","Austria",0.0126705653021442,1026
"1982","AT","Austria",0.0109631949882537,1277
"1983","AT","Austria",0.0130853994490358,1452
"1984","AT","Austria",0.0120160213618158,1498
"1985","AT","Austria",0.0144654088050314,1590
"1986","AT","Austria",0.0143283582089552,1675
"1987","AT","Austria",0.0154831820608649,1873
"1988","AT","Austria",0.0165247871807712,1997
"1989","AT","Austria",0.0185688405797101,2208
"1990","AT","Austria",0.0171821305841924,2328
"1991","AT","Austria",0.0187891440501044,2395
"1992","AT","Austria",0.0196324143692565,2394
"1993","AT","Austria",0.0212323064113239,2402
"1994","AT","Austria",0.0232150678931231,2283
"1995","AT","Austria",0.0267471958584987,2318
"1996","AT","Austria",0.0288624787775891,2356
"1997","AT","Austria",0.0323493732308937,2473
"1998","AT","Austria",0.0327190673185408,2659
"1999","AT","Austria",0.0323995950050624,2963
"2000","AT","Austria",0.035423197492163,3190
"2001","AT","Austria",0.037109375,3584
"2002","AT","Austria",0.0365230094959825,4107
"2003","AT","Austria",0.0403331871985971,4562
"2004","AT","Austria",0.0449552481692433,4916
"2005","AT","Austria",0.0460159362549801,5020
"2006","AT","Austria",0.0485111417866299,5071
"2007","AT","Austria",0.0508646998982706,4915
"2008","AT","Austria",0.0517766497461929,4925
"2009","AT","Austria",0.0528072241853161,5094
"2010","AT","Austria",0.0593755639776214,5541
"2011","AT","Austria",0.0623608017817372,5837
"2012","AT","Austria",0.0673867483475738,6203
"2013","AT","Austria",0.0682520074119827,6476
"2014","AT","Austria",0.0678501579659997,6647
"2015","AT","Austria",0.0646853146853147,6864
"2016","AT","Austria",0.0626148409893993,7075
"2017","AT","Austria",0.0602582496413199,6970
"2018","AT","Austria",0.0594865372573575,6388
"2019","AT","Austria",0.0583717357910906,5208
"1980","AU","Australia",0.0212527964205817,894
"1981","AU","Australia",0.024330900243309,1233
"1982","AU","Australia",0.0259481037924152,1503
"1983","AU","Australia",0.0304761904761905,1575
"1984","AU","Australia",0.0353293413173653,1670
"1985","AU","Australia",0.0371640937678674,1749
"1986","AU","Australia",0.0360215053763441,1860
"1987","AU","Australia",0.0378596668349319,1981
"1988","AU","Australia",0.0386539336061846,2199
"1989","AU","Australia",0.0376518218623482,2470
"1990","AU","Australia",0.0383582662063675,2607
"1991","AU","Australia",0.0436390532544379,2704
"1992","AU","Australia",0.0464351005484461,2735
"1993","AU","Australia",0.0512455516014235,2810
"1994","AU","Australia",0.0515463917525773,2910
"1995","AU","Australia",0.0578861788617886,3075
"1996","AU","Australia",0.0624039348293883,3253
"1997","AU","Australia",0.0682077625570776,3504
"1998","AU","Australia",0.0741312741312741,3885
"1999","AU","Australia",0.0808448652585579,4119
"2000","AU","Australia",0.081468218442256,4468
"2001","AU","Australia",0.0817269076305221,4980
"2002","AU","Australia",0.0824904080920823,5734
"2003","AU","Australia",0.0818917632121885,6301
"2004","AU","Australia",0.0888256227758007,7025
"2005","AU","Australia",0.0917480272836699,7477
"2006","AU","Australia",0.0951519069166128,7735
"2007","AU","Australia",0.0958130988318677,7619
"2008","AU","Australia",0.0973614775725594,7580
"2009","AU","Australia",0.0952123343251285,7394
"2010","AU","Australia",0.0944612550980134,7601
"2011","AU","Australia",0.0936203319502075,7712
"2012","AU","Australia",0.0953164556962025,7900
"2013","AU","Australia",0.0948895899053628,7925
"2014","AU","Australia",0.0918392504930966,8112
"2015","AU","Australia",0.0919525888958203,8015
"2016","AU","Australia",0.0920768154648353,7863
"2017","AU","Australia",0.0913072329130723,7535
"2018","AU","Australia",0.0911544227886057,6670
"2019","AU","Australia",0.0923809523809524,5250
"1980","BE","Belgium",0.0227979274611399,965
"1981","BE","Belgium",0.0236641221374046,1310
"1982","BE","Belgium",0.0247491638795987,1495
"1983","BE","Belgium",0.0263157894736842,1558
"1984","BE","Belgium",0.0297845373891001,1578
"1985","BE","Belgium",0.0305295950155763,1605
"1986","BE","Belgium",0.0345252774352651,1622
"1987","BE","Belgium",0.0344827586206897,1769
"1988","BE","Belgium",0.0391211146838156,1866
"1989","BE","Belgium",0.042483660130719,2142
"1990","BE","Belgium",0.0507950530035336,2264
"1991","BE","Belgium",0.057166876839008,2379
"1992","BE","Belgium",0.0615006150061501,2439
"1993","BE","Belgium",0.0703182827535159,2702
"1994","BE","Belgium",0.0725096796902499,2841
"1995","BE","Belgium",0.0761189153871284,3061
"1996","BE","Belgium",0.0780559646539028,3395
"1997","BE","Belgium",0.0826985854189336,3676
"1998","BE","Belgium",0.0819343522926585,3991
"1999","BE","Belgium",0.0920869967607589,4322
"2000","BE","Belgium",0.10188679245283,4770
"2001","BE","Belgium",0.105455243949289,5206
"2002","BE","Belgium",0.11382813845359,5807
"2003","BE","Belgium",0.121441500740497,6077
"2004","BE","Belgium",0.118264411027569,6384
"2005","BE","Belgium",0.115562403697997,6490
"2006","BE","Belgium",0.118667917448405,6396
"2007","BE","Belgium",0.114551083591331,6137
"2008","BE","Belgium",0.112687540769733,6132
"2009","BE","Belgium",0.113405387965801,6199
"2010","BE","Belgium",0.116183879093199,6352
"2011","BE","Belgium",0.119161676646707,6680
"2012","BE","Belgium",0.124193317080166,6973
"2013","BE","Belgium",0.126926815720039,7201
"2014","BE","Belgium",0.132869042742046,7323
"2015","BE","Belgium",0.131809726282222,7526
"2016","BE","Belgium",0.126272912423625,7365
"2017","BE","Belgium",0.118670220227241,7129
"2018","BE","Belgium",0.113346958025468,6361
"2019","BE","Belgium",0.105893909626719,5090
"1980","BR","Brazil",0.0111111111111111,90
"1981","BR","Brazil",0.00934579439252336,107
"1982","BR","Brazil",0.0163934426229508,122
"1983","BR","Brazil",0.00819672131147541,122
"1984","BR","Brazil",0.0161290322580645,124
"1985","BR","Brazil",0.0245901639344262,122
"1986","BR","Brazil",0.0298507462686567,134
"1987","BR","Brazil",0.0191082802547771,157
"1988","BR","Brazil",0.0220994475138122,181
"1989","BR","Brazil",0.0154639175257732,194
"1990","BR","Brazil",0.00985221674876847,203
"1991","BR","Brazil",0.0174672489082969,229
"1992","BR","Brazil",0.0205761316872428,243
"1993","BR","Brazil",0.037037037037037,270
"1994","BR","Brazil",0.0479233226837061,313
"1995","BR","Brazil",0.0623376623376623,385
"1996","BR","Brazil",0.0609137055837563,394
"1997","BR","Brazil",0.0701754385964912,399
"1998","BR","Brazil",0.0754716981132075,424
"1999","BR","Brazil",0.0781893004115226,486
"2000","BR","Brazil",0.0729783037475345,507
"2001","BR","Brazil",0.0747028862478778,589
"2002","BR","Brazil",0.0754458161865569,729
"2003","BR","Brazil",0.072189349112426,845
"2004","BR","Brazil",0.0756123535676251,939
"2005","BR","Brazil",0.0888888888888889,990
"2006","BR","Brazil",0.102001906577693,1049
"2007","BR","Brazil",0.114180478821363,1086
"2008","BR","Brazil",0.129692832764505,1172
"2009","BR","Brazil",0.136932707355243,1278
"2010","BR","Brazil",0.134815844336345,1439
"2011","BR","Brazil",0.135084427767355,1599
"2012","BR","Brazil",0.129474940334129,1676
"2013","BR","Brazil",0.119116792562464,1721
"2014","BR","Brazil",0.106515580736544,1765
"2015","BR","Brazil",0.10352422907489,1816
"2016","BR","Brazil",0.104133118625872,1863
"2017","BR","Brazil",0.0995740149094782,1878
"2018","BR","Brazil",0.0981175128351398,1753
"2019","BR","Brazil",0.106412005457026,1466
"1980","CA","Canada",0.0344735435595938,3742
"1981","CA","Canada",0.0339325388810341,4951
"1982","CA","Canada",0.0331736085514191,5426
"1983","CA","Canada",0.0343155538977993,5362
"1984","CA","Canada",0.0355878186968838,5648
"1985","CA","Canada",0.0390506648712338,5941
"1986","CA","Canada",0.0384423364952571,6009
"1987","CA","Canada",0.0385679164105716,6508
"1988","CA","Canada",0.0418663659430505,7094
"1989","CA","Canada",0.0451367594750399,8153
"1990","CA","Canada",0.0455779235467089,8842
"1991","CA","Canada",0.0496395468589083,9710
"1992","CA","Canada",0.0538380044303188,10383
"1993","CA","Canada",0.0542228659364533,11047
"1994","CA","Canada",0.0560904513735536,11321
"1995","CA","Canada",0.0595658758202928,11886
"1996","CA","Canada",0.0625351208156057,12457
"1997","CA","Canada",0.0649595890928318,13239
"1998","CA","Canada",0.0690891866287725,14778
"1999","CA","Canada",0.0726877565805361,16564
"2000","CA","Canada",0.0754285714285714,18375
"2001","CA","Canada",0.0779886875659093,20862
"2002","CA","Canada",0.082996529904062,24495
"2003","CA","Canada",0.0871840552277029,26943
"2004","CA","Canada",0.0889275766016713,28720
"2005","CA","Canada",0.0911182236447289,29994
"2006","CA","Canada",0.0935323383084577,30150
"2007","CA","Canada",0.0933486878838638,28656
"2008","CA","Canada",0.0917976441946225,27931
"2009","CA","Canada",0.0909123928519541,27532
"2010","CA","Canada",0.0893933890301489,27530
"2011","CA","Canada",0.086902257247798,28043
"2012","CA","Canada",0.0865947075208914,28720
"2013","CA","Canada",0.0864888858537918,29287
"2014","CA","Canada",0.0870406189555126,29986
"2015","CA","Canada",0.0862919132149901,30420
"2016","CA","Canada",0.0870265649658075,30416
"2017","CA","Canada",0.0856536101934875,29666
"2018","CA","Canada",0.084566129388386,27174
"2019","CA","Canada",0.0837053571428571,22400
"1980","CH","Switzerland",0.0170697012802276,4218
"1981","CH","Switzerland",0.0160399215826056,5611
"1982","CH","Switzerland",0.0155294117647059,6375
"1983","CH","Switzerland",0.0147194112235511,6522
"1984","CH","Switzerland",0.0167068031306442,6644
"1985","CH","Switzerland",0.0164982164090369,6728
"1986","CH","Switzerland",0.0167614486680635,6682
"1987","CH","Switzerland",0.0166374781085814,6852
"1988","CH","Switzerland",0.0168499214622305,7003
"1989","CH","Switzerland",0.0169029443838604,7336
"1990","CH","Switzerland",0.0172107635568911,7321
"1991","CH","Switzerland",0.0176645091693635,7416
"1992","CH","Switzerland",0.0200293764187475,7489
"1993","CH","Switzerland",0.0227603546380839,7557
"1994","CH","Switzerland",0.0230267536270465,7513
"1995","CH","Switzerland",0.0255245222504343,7483
"1996","CH","Switzerland",0.0277851990382046,7486
"1997","CH","Switzerland",0.0328476821192053,7550
"1998","CH","Switzerland",0.0348559204731345,7947
"1999","CH","Switzerland",0.0381214149139579,8368
"2000","CH","Switzerland",0.0411311053984576,8947
"2001","CH","Switzerland",0.0457811537671936,9742
"2002","CH","Switzerland",0.0514237542150618,10676
"2003","CH","Switzerland",0.0559597592742298,11133
"2004","CH","Switzerland",0.0619659963752481,11587
"2005","CH","Switzerland",0.0650282915294316,11841
"2006","CH","Switzerland",0.068669892199304,11781
"2007","CH","Switzerland",0.0711080428028995,11588
"2008","CH","Switzerland",0.0749301498602997,11811
"2009","CH","Switzerland",0.0781145902731512,12008
"2010","CH","Switzerland",0.0804887662593615,12685
"2011","CH","Switzerland",0.0829586330935252,13344
"2012","CH","Switzerland",0.0864410433283035,13917
"2013","CH","Switzerland",0.0892520427404148,14319
"2014","CH","Switzerland",0.0910558170813719,14870
"2015","CH","Switzerland",0.0946784629605176,15146
"2016","CH","Switzerland",0.0947673652299987,15174
"2017","CH","Switzerland",0.0925648021828104,14660
"2018","CH","Switzerland",0.0925336968044828,13206
"2019","CH","Switzerland",0.0907969639468691,10540
"1980","CN","China",0,0
"1981","CN","China",0,0
"1982","CN","China",0,0
"1983","CN","China",0,0
"1984","CN","China",0,0
"1985","CN","China",0,0
"1986","CN","China",0.157142857142857,70
"1987","CN","China",0.191489361702128,94
"1988","CN","China",0.208092485549133,173
"1989","CN","China",0.228070175438596,228
"1990","CN","China",0.205673758865248,282
"1991","CN","China",0.221453287197232,289
"1992","CN","China",0.204819277108434,332
"1993","CN","China",0.186813186813187,364
"1994","CN","China",0.150793650793651,378
"1995","CN","China",0.142506142506143,407
"1996","CN","China",0.142857142857143,441
"1997","CN","China",0.134969325153374,489
"1998","CN","China",0.140384615384615,520
"1999","CN","China",0.141065830721003,638
"2000","CN","China",0.14875,800
"2001","CN","China",0.150994575045208,1106
"2002","CN","China",0.153395784543326,1708
"2003","CN","China",0.144088669950739,2436
"2004","CN","China",0.142245072836332,3501
"2005","CN","China",0.149291604990484,4729
"2006","CN","China",0.148553685242687,6119
"2007","CN","China",0.151157004229908,8038
"2008","CN","China",0.150574385265356,10533
"2009","CN","China",0.155497771173848,13460
"2010","CN","China",0.155796674136101,16958
"2011","CN","China",0.15668404893026,20519
"2012","CN","China",0.152994241069631,24831
"2013","CN","China",0.152401339640231,28963
"2014","CN","China",0.146438543337492,33666
"2015","CN","China",0.140691543297506,39448
"2016","CN","China",0.135870753355778,45742
"2017","CN","China",0.132919477823466,50098
"2018","CN","China",0.131754670372086,51816
"2019","CN","China",0.131852390318994,46772
"1980","CZ","Czechia",0,0
"1981","CZ","Czechia",0,0
"1982","CZ","Czechia",0,0
"1983","CZ","Czechia",0,0
"1984","CZ","Czechia",0,0
"1985","CZ","Czechia",0,0
"1986","CZ","Czechia",0,0
"1987","CZ","Czechia",0,0
"1988","CZ","Czechia",0,0
"1989","CZ","Czechia",0,0
"1990","CZ","Czechia",0,0
"1991","CZ","Czechia",0,0
"1992","CZ","Czechia",0,0
"1993","CZ","Czechia",0,0
"1994","CZ","Czechia",0,0
"1995","CZ","Czechia",0,0
"1996","CZ","Czechia",0,0
"1997","CZ","Czechia",0,0
"1998","CZ","Czechia",0.180555555555556,72
"1999","CZ","Czechia",0.130434782608696,115
"2000","CZ","Czechia",0.115384615384615,156
"2001","CZ","Czechia",0.108490566037736,212
"2002","CZ","Czechia",0.0882352941176471,272
"2003","CZ","Czechia",0.0700636942675159,314
"2004","CZ","Czechia",0.0868421052631579,380
"2005","CZ","Czechia",0.0978520286396181,419
"2006","CZ","Czechia",0.0935251798561151,417
"2007","CZ","Czechia",0.0972222222222222,432
"2008","CZ","Czechia",0.0895833333333333,480
"2009","CZ","Czechia",0.0708955223880597,536
"2010","CZ","Czechia",0.0585365853658537,615
"2011","CZ","Czechia",0.0544692737430168,716
"2012","CZ","Czechia",0.0601503759398496,798
"2013","CZ","Czechia",0.0622914349276974,899
"2014","CZ","Czechia",0.0617154811715481,956
"2015","CZ","Czechia",0.0595581171950048,1041
"2016","CZ","Czechia",0.0545302013422819,1192
"2017","CZ","Czechia",0.0469341408024224,1321
"2018","CZ","Czechia",0.0390804597701149,1305
"2019","CZ","Czechia",0.0395869191049914,1162
"1980","DE","Germany",0.00949056397949165,18334
"1981","DE","Germany",0.00981441168874294,27103
"1982","DE","Germany",0.0107128496754552,34818
"1983","DE","Germany",0.0114626318202659,39258
"1984","DE","Germany",0.0119353339692323,40887
"1985","DE","Germany",0.0124483299282558,42094
"1986","DE","Germany",0.0133951571354972,42702
"1987","DE","Germany",0.0139312723895449,45222
"1988","DE","Germany",0.0150654018136989,47858
"1989","DE","Germany",0.0164284604629486,51496
"1990","DE","Germany",0.0183050847457627,53100
"1991","DE","Germany",0.0198256519660132,54374
"1992","DE","Germany",0.0217737361169561,54653
"1993","DE","Germany",0.0242394752018454,55488
"1994","DE","Germany",0.0267860385718955,55066
"1995","DE","Germany",0.0288570452543196,55619
"1996","DE","Germany",0.0316167454895779,57090
"1997","DE","Germany",0.0348699563702777,59134
"1998","DE","Germany",0.0369933536284089,62741
"1999","DE","Germany",0.0387572781012489,67497
"2000","DE","Germany",0.0415756417258329,73240
"2001","DE","Germany",0.0433659028820359,81262
"2002","DE","Germany",0.0448408976903448,91702
"2003","DE","Germany",0.0475368207211783,98450
"2004","DE","Germany",0.0504581422404261,104007
"2005","DE","Germany",0.0527221822859521,105724
"2006","DE","Germany",0.0552872541822818,103532
"2007","DE","Germany",0.0574516148727029,98274
"2008","DE","Germany",0.0586434636754377,95390
"2009","DE","Germany",0.0598973677726235,93343
"2010","DE","Germany",0.0614558660982157,94995
"2011","DE","Germany",0.0643950361944157,96700
"2012","DE","Germany",0.0676652000284521,98411
"2013","DE","Germany",0.0696379392092972,99127
"2014","DE","Germany",0.0712176602924634,99568
"2015","DE","Germany",0.0719305664632796,99318
"2016","DE","Germany",0.0703033273096675,97947
"2017","DE","Germany",0.0690788065579384,93444
"2018","DE","Germany",0.0682601231707464,83299
"2019","DE","Germany",0.0670786329198488,65863
"1980","DK","Denmark",0.0182815356489945,547
"1981","DK","Denmark",0.0206896551724138,725
"1982","DK","Denmark",0.022274325908558,853
"1983","DK","Denmark",0.0243337195828505,863
"1984","DK","Denmark",0.0283842794759825,916
"1985","DK","Denmark",0.0284810126582278,948
"1986","DK","Denmark",0.031,1000
"1987","DK","Denmark",0.0338664158043274,1063
"1988","DK","Denmark",0.0398268398268398,1155
"1989","DK","Denmark",0.0431107354184277,1183
"1990","DK","Denmark",0.0472914875322442,1163
"1991","DK","Denmark",0.0518092105263158,1216
"1992","DK","Denmark",0.0637636080870918,1286
"1993","DK","Denmark",0.0669546436285097,1389
"1994","DK","Denmark",0.0704697986577181,1490
"1995","DK","Denmark",0.0782556750298686,1674
"1996","DK","Denmark",0.0901771336553945,1863
"1997","DK","Denmark",0.09450337512054,2074
"1998","DK","Denmark",0.106157112526539,2355
"1999","DK","Denmark",0.114118507681053,2734
"2000","DK","Denmark",0.118028534370947,3084
"2001","DK","Denmark",0.119054566676393,3427
"2002","DK","Denmark",0.117947408731172,3917
"2003","DK","Denmark",0.116513976979093,4257
"2004","DK","Denmark",0.114002205071665,4535
"2005","DK","Denmark",0.115739746617994,4657
"2006","DK","Denmark",0.117223867964452,4726
"2007","DK","Denmark",0.119211167737647,4513
"2008","DK","Denmark",0.12180052956752,4532
"2009","DK","Denmark",0.120515574650913,4655
"2010","DK","Denmark",0.117100747022007,4953
"2011","DK","Denmark",0.117013086989992,5196
"2012","DK","Denmark",0.113882266642215,5453
"2013","DK","Denmark",0.110775248933144,5624
"2014","DK","Denmark",0.113184513428671,5734
"2015","DK","Denmark",0.112181693048864,5812
"2016","DK","Denmark",0.107384882710686,5755
"2017","DK","Denmark",0.107832618025751,5592
"2018","DK","Denmark",0.10728582866293,4996
"2019","DK","Denmark",0.100963977676306,3942
"1980","DT",NA,0.00517943026267111,5406
"1981","DT",NA,0.00530805687203791,5275
"1982","DT",NA,0.00594294770206022,2524
"1983","DT",NA,0,0
"1984","DT",NA,0,0
"1985","DT",NA,0,0
"1986","DT",NA,0,0
"1987","DT",NA,0,0
"1988","DT",NA,0,0
"1989","DT",NA,0,0
"1990","DT",NA,0,0
"1991","DT",NA,0,0
"1992","DT",NA,0,0
"1993","DT",NA,0,0
"1994","DT",NA,0,0
"1995","DT",NA,0,0
"1996","DT",NA,0,0
"1997","DT",NA,0,0
"1998","DT",NA,0,0
"1999","DT",NA,0,0
"2000","DT",NA,0,0
"2001","DT",NA,0,0
"2002","DT",NA,0,0
"2003","DT",NA,0,0
"2004","DT",NA,0,0
"2005","DT",NA,0,0
"2006","DT",NA,0,0
"2007","DT",NA,0,0
"2008","DT",NA,0,0
"2009","DT",NA,0,0
"2010","DT",NA,0,0
"2011","DT",NA,0,0
"2012","DT",NA,0,0
"2013","DT",NA,0,0
"2014","DT",NA,0,0
"2015","DT",NA,0,0
"2016","DT",NA,0,0
"2017","DT",NA,0,0
"2018","DT",NA,0,0
"2019","DT",NA,0,0
"1980","EN",NA,0.0112878399179066,1949
"1981","EN",NA,0,0
"1982","EN",NA,0,0
"1983","EN",NA,0,0
"1984","EN",NA,0,0
"1985","EN",NA,0,0
"1986","EN",NA,0,0
"1987","EN",NA,0,0
"1988","EN",NA,0,0
"1989","EN",NA,0,0
"1990","EN",NA,0,0
"1991","EN",NA,0,0
"1992","EN",NA,0,0
"1993","EN",NA,0,0
"1994","EN",NA,0,0
"1995","EN",NA,0,0
"1996","EN",NA,0,0
"1997","EN",NA,0,0
"1998","EN",NA,0,0
"1999","EN",NA,0,0
"2000","EN",NA,0,0
"2001","EN",NA,0,0
"2002","EN",NA,0,0
"2003","EN",NA,0,0
"2004","EN",NA,0,0
"2005","EN",NA,0,0
"2006","EN",NA,0,0
"2007","EN",NA,0,0
"2008","EN",NA,0,0
"2009","EN",NA,0,0
"2010","EN",NA,0,0
"2011","EN",NA,0,0
"2012","EN",NA,0,0
"2013","EN",NA,0,0
"2014","EN",NA,0,0
"2015","EN",NA,0,0
"2016","EN",NA,0,0
"2017","EN",NA,0,0
"2018","EN",NA,0,0
"2019","EN",NA,0,0
"1980","ES","Spain",0.016597510373444,241
"1981","ES","Spain",0.0284810126582278,316
"1982","ES","Spain",0.0421686746987952,332
"1983","ES","Spain",0.0489296636085627,327
"1984","ES","Spain",0.0504201680672269,357
"1985","ES","Spain",0.0651041666666667,384
"1986","ES","Spain",0.0572792362768496,419
"1987","ES","Spain",0.0473118279569892,465
"1988","ES","Spain",0.0517560073937153,541
"1989","ES","Spain",0.0513219284603421,643
"1990","ES","Spain",0.0573065902578797,698
"1991","ES","Spain",0.0630630630630631,777
"1992","ES","Spain",0.072093023255814,860
"1993","ES","Spain",0.088077336197637,931
"1994","ES","Spain",0.106318956870612,997
"1995","ES","Spain",0.11386593204775,1089
"1996","ES","Spain",0.141623488773748,1158
"1997","ES","Spain",0.153724247226624,1262
"1998","ES","Spain",0.16056338028169,1420
"1999","ES","Spain",0.164490861618799,1532
"2000","ES","Spain",0.158102766798419,1771
"2001","ES","Spain",0.142437591776799,2043
"2002","ES","Spain",0.144833197721725,2458
"2003","ES","Spain",0.153328611898017,2824
"2004","ES","Spain",0.1570222083203,3197
"2005","ES","Spain",0.166418576957428,3359
"2006","ES","Spain",0.17371297095197,3477
"2007","ES","Spain",0.183342808413872,3518
"2008","ES","Spain",0.185399449035813,3630
"2009","ES","Spain",0.185038329368226,3783
"2010","ES","Spain",0.181928294573643,4128
"2011","ES","Spain",0.181439227731461,4558
"2012","ES","Spain",0.182192062512852,4863
"2013","ES","Spain",0.180585576734132,5089
"2014","ES","Spain",0.17921146953405,5301
"2015","ES","Spain",0.180500181225082,5518
"2016","ES","Spain",0.18125,5440
"2017","ES","Spain",0.171357457399962,5223
"2018","ES","Spain",0.169491525423729,4661
"2019","ES","Spain",0.167525074545947,3689
"1980","FI","Finland",0.0196078431372549,306
"1981","FI","Finland",0.0209205020920502,478
"1982","FI","Finland",0.0188679245283019,636
"1983","FI","Finland",0.021978021978022,728
"1984","FI","Finland",0.0247933884297521,847
"1985","FI","Finland",0.0258264462809917,968
"1986","FI","Finland",0.0303030303030303,1089
"1987","FI","Finland",0.0472136222910217,1292
"1988","FI","Finland",0.0478229835831549,1401
"1989","FI","Finland",0.0491803278688525,1525
"1990","FI","Finland",0.0572271386430678,1695
"1991","FI","Finland",0.0597176981541802,1842
"1992","FI","Finland",0.0578179989944696,1989
"1993","FI","Finland",0.0639821029082774,2235
"1994","FI","Finland",0.0705834353325173,2451
"1995","FI","Finland",0.0817704426106527,2666
"1996","FI","Finland",0.0817107093184979,2876
"1997","FI","Finland",0.0895616524755598,3171
"1998","FI","Finland",0.090754877014419,3537
"1999","FI","Finland",0.0959006211180124,4025
"2000","FI","Finland",0.0894237138441157,4529
"2001","FI","Finland",0.0980825958702065,5424
"2002","FI","Finland",0.0974896041891267,6493
"2003","FI","Finland",0.096505376344086,7440
"2004","FI","Finland",0.0920719198745022,8287
"2005","FI","Finland",0.0927516317416695,8733
"2006","FI","Finland",0.0903255387436955,8724
"2007","FI","Finland",0.0881314668289714,8215
"2008","FI","Finland",0.0893357088317638,7858
"2009","FI","Finland",0.0900557747245273,7351
"2010","FI","Finland",0.0915581688366233,7143
"2011","FI","Finland",0.0930334453045129,6847
"2012","FI","Finland",0.0942279942279942,6930
"2013","FI","Finland",0.0926822323462415,7024
"2014","FI","Finland",0.0951646811492642,7135
"2015","FI","Finland",0.0939983557138942,7298
"2016","FI","Finland",0.0897521768251842,7465
"2017","FI","Finland",0.087748808522568,7134
"2018","FI","Finland",0.0866091403004155,6258
"2019","FI","Finland",0.0834166833366673,4999
"1980","FR","France",0.0447038370793493,8053
"1981","FR","France",0.0466433000808843,11127
"1982","FR","France",0.0480784191691302,12854
"1983","FR","France",0.0505175681586237,13718
"1984","FR","France",0.0524617180525991,14563
"1985","FR","France",0.054093567251462,15048
"1986","FR","France",0.0570203922587349,15398
"1987","FR","France",0.0596487021161801,16681
"1988","FR","France",0.0613891553348756,17723
"1989","FR","France",0.0659357870007831,19155
"1990","FR","France",0.0707478920321309,20043
"1991","FR","France",0.0759885659838018,20990
"1992","FR","France",0.0808263695450325,21540
"1993","FR","France",0.0874077387609036,22355
"1994","FR","France",0.0931977621880828,22522
"1995","FR","France",0.099677053329842,22914
"1996","FR","France",0.104430652529954,23202
"1997","FR","France",0.110714589174951,23538
"1998","FR","France",0.115646258503401,24255
"1999","FR","France",0.118830989798732,25389
"2000","FR","France",0.123002958579882,27040
"2001","FR","France",0.12698792708369,29239
"2002","FR","France",0.128765340275195,32268
"2003","FR","France",0.130518852723171,34133
"2004","FR","France",0.133612740989103,35790
"2005","FR","France",0.135646513680494,36256
"2006","FR","France",0.137368968327572,35583
"2007","FR","France",0.139127889961955,34170
"2008","FR","France",0.141035833112505,33963
"2009","FR","France",0.14185670148595,33985
"2010","FR","France",0.145131244707875,35430
"2011","FR","France",0.145902212187189,37203
"2012","FR","France",0.146599300427517,38595
"2013","FR","France",0.146470366175915,39735
"2014","FR","France",0.147360649686231,40635
"2015","FR","France",0.144218350188863,41035
"2016","FR","France",0.141649721943213,40819
"2017","FR","France",0.139629657930262,39261
"2018","FR","France",0.137702929112023,34618
"2019","FR","France",0.133463063592304,27236
"1980","GB","United Kingdom",0.0199272727272727,6875
"1981","GB","United Kingdom",0.0209635154202782,9922
"1982","GB","United Kingdom",0.0214297010912542,12646
"1983","GB","United Kingdom",0.0229434400638931,13773
"1984","GB","United Kingdom",0.0239757421902546,14181
"1985","GB","United Kingdom",0.0249219021173204,14405
"1986","GB","United Kingdom",0.0260256768071449,14332
"1987","GB","United Kingdom",0.0269780551640829,14901
"1988","GB","United Kingdom",0.0306142096142738,15581
"1989","GB","United Kingdom",0.0333353426969679,16589
"1990","GB","United Kingdom",0.0356548609460423,16828
"1991","GB","United Kingdom",0.0376228411932314,17197
"1992","GB","United Kingdom",0.0407503607503608,17325
"1993","GB","United Kingdom",0.0427192096104188,17814
"1994","GB","United Kingdom",0.0459615492405134,17841
"1995","GB","United Kingdom",0.0506391616832172,18227
"1996","GB","United Kingdom",0.0560344827586207,18792
"1997","GB","United Kingdom",0.0620286285978144,19491
"1998","GB","United Kingdom",0.06651232334925,20733
"1999","GB","United Kingdom",0.071159347895191,22021
"2000","GB","United Kingdom",0.0740378481820115,23515
"2001","GB","United Kingdom",0.0758234928527035,25744
"2002","GB","United Kingdom",0.0783051664199911,29053
"2003","GB","United Kingdom",0.0799296337757876,31265
"2004","GB","United Kingdom",0.0812852175998082,33364
"2005","GB","United Kingdom",0.0812887019511625,34236
"2006","GB","United Kingdom",0.082898345571972,33909
"2007","GB","United Kingdom",0.0827753151623754,31809
"2008","GB","United Kingdom",0.084106614017769,30390
"2009","GB","United Kingdom",0.0836057287278854,29675
"2010","GB","United Kingdom",0.0855845480569906,30391
"2011","GB","United Kingdom",0.0846498927247903,30762
"2012","GB","United Kingdom",0.0840982934292294,31701
"2013","GB","United Kingdom",0.0830993303915821,32407
"2014","GB","United Kingdom",0.0845169584914901,32668
"2015","GB","United Kingdom",0.0846580406654344,32460
"2016","GB","United Kingdom",0.0859327217125382,32700
"2017","GB","United Kingdom",0.0872028613933466,31593
"2018","GB","United Kingdom",0.0876170287934994,28305
"2019","GB","United Kingdom",0.0862645093211396,22744
"1980","HK","Hong Kong SAR China",0.222222222222222,63
"1981","HK","Hong Kong SAR China",0.195652173913043,92
"1982","HK","Hong Kong SAR China",0.194444444444444,108
"1983","HK","Hong Kong SAR China",0.166666666666667,108
"1984","HK","Hong Kong SAR China",0.189655172413793,116
"1985","HK","Hong Kong SAR China",0.206896551724138,116
"1986","HK","Hong Kong SAR China",0.220338983050847,118
"1987","HK","Hong Kong SAR China",0.227272727272727,132
"1988","HK","Hong Kong SAR China",0.227272727272727,154
"1989","HK","Hong Kong SAR China",0.216666666666667,180
"1990","HK","Hong Kong SAR China",0.182266009852217,203
"1991","HK","Hong Kong SAR China",0.171052631578947,228
"1992","HK","Hong Kong SAR China",0.145669291338583,254
"1993","HK","Hong Kong SAR China",0.124087591240876,274
"1994","HK","Hong Kong SAR China",0.117241379310345,290
"1995","HK","Hong Kong SAR China",0.13595166163142,331
"1996","HK","Hong Kong SAR China",0.150793650793651,378
"1997","HK","Hong Kong SAR China",0.16953316953317,407
"1998","HK","Hong Kong SAR China",0.179226069246436,491
"1999","HK","Hong Kong SAR China",0.177700348432056,574
"2000","HK","Hong Kong SAR China",0.19482496194825,657
"2001","HK","Hong Kong SAR China",0.179487179487179,819
"2002","HK","Hong Kong SAR China",0.168353265869365,1087
"2003","HK","Hong Kong SAR China",0.169781931464174,1284
"2004","HK","Hong Kong SAR China",0.175816539263377,1439
"2005","HK","Hong Kong SAR China",0.181168831168831,1540
"2006","HK","Hong Kong SAR China",0.194193548387097,1550
"2007","HK","Hong Kong SAR China",0.207983193277311,1428
"2008","HK","Hong Kong SAR China",0.205970149253731,1340
"2009","HK","Hong Kong SAR China",0.213899613899614,1295
"2010","HK","Hong Kong SAR China",0.200920245398773,1304
"2011","HK","Hong Kong SAR China",0.205745341614907,1288
"2012","HK","Hong Kong SAR China",0.217948717948718,1326
"2013","HK","Hong Kong SAR China",0.222545454545455,1375
"2014","HK","Hong Kong SAR China",0.221917808219178,1460
"2015","HK","Hong Kong SAR China",0.229877656149388,1553
"2016","HK","Hong Kong SAR China",0.234515935057126,1663
"2017","HK","Hong Kong SAR China",0.22478386167147,1735
"2018","HK","Hong Kong SAR China",0.232917409387998,1683
"2019","HK","Hong Kong SAR China",0.225961538461538,1456
"1980","IE","Ireland",0,0
"1981","IE","Ireland",0.0131578947368421,76
"1982","IE","Ireland",0.0188679245283019,106
"1983","IE","Ireland",0.016260162601626,123
"1984","IE","Ireland",0.0148148148148148,135
"1985","IE","Ireland",0.0135135135135135,148
"1986","IE","Ireland",0.00609756097560976,164
"1987","IE","Ireland",0.0163934426229508,183
"1988","IE","Ireland",0.037037037037037,216
"1989","IE","Ireland",0.0389105058365759,257
"1990","IE","Ireland",0.0466666666666667,300
"1991","IE","Ireland",0.0612244897959184,343
"1992","IE","Ireland",0.0636604774535809,377
"1993","IE","Ireland",0.0610079575596817,377
"1994","IE","Ireland",0.0728643216080402,398
"1995","IE","Ireland",0.0737327188940092,434
"1996","IE","Ireland",0.0652173913043478,460
"1997","IE","Ireland",0.0547368421052632,475
"1998","IE","Ireland",0.0552584670231729,561
"1999","IE","Ireland",0.0620272314674735,661
"2000","IE","Ireland",0.0660377358490566,742
"2001","IE","Ireland",0.0736263736263736,910
"2002","IE","Ireland",0.0865546218487395,1190
"2003","IE","Ireland",0.0874053682037164,1453
"2004","IE","Ireland",0.0886153846153846,1625
"2005","IE","Ireland",0.0890979524073049,1807
"2006","IE","Ireland",0.0862890418210693,1889
"2007","IE","Ireland",0.0766384778012685,1892
"2008","IE","Ireland",0.0732104121475054,1844
"2009","IE","Ireland",0.0703331570597567,1891
"2010","IE","Ireland",0.0737989103516592,2019
"2011","IE","Ireland",0.0777568331762488,2122
"2012","IE","Ireland",0.0898100172711572,2316
"2013","IE","Ireland",0.0912714228776405,2509
"2014","IE","Ireland",0.0938308090136683,2707
"2015","IE","Ireland",0.0942608695652174,2875
"2016","IE","Ireland",0.0949902407286923,3074
"2017","IE","Ireland",0.0886889460154242,3112
"2018","IE","Ireland",0.0893574297188755,2988
"2019","IE","Ireland",0.0827155676941085,2563
"1980","IL","Israel",0.0737704918032787,366
"1981","IL","Israel",0.0740740740740741,513
"1982","IL","Israel",0.0667752442996743,614
"1983","IL","Israel",0.0637037037037037,675
"1984","IL","Israel",0.0602883355176933,763
"1985","IL","Israel",0.0534262485481998,861
"1986","IL","Israel",0.0548977395048439,929
"1987","IL","Israel",0.0622182146077547,1109
"1988","IL","Israel",0.0605345911949686,1272
"1989","IL","Israel",0.0648395721925134,1496
"1990","IL","Israel",0.0734055354993983,1662
"1991","IL","Israel",0.0739946380697051,1865
"1992","IL","Israel",0.0760869565217391,2024
"1993","IL","Israel",0.0766456266907124,2218
"1994","IL","Israel",0.0784230606189063,2359
"1995","IL","Israel",0.0778420038535645,2595
"1996","IL","Israel",0.0757417102966841,2865
"1997","IL","Israel",0.0837312957656797,3141
"1998","IL","Israel",0.0909340659340659,3640
"1999","IL","Israel",0.093581001645897,4253
"2000","IL","Israel",0.0987482614742698,5033
"2001","IL","Israel",0.102034011337112,5998
"2002","IL","Israel",0.103776076049644,7574
"2003","IL","Israel",0.105656108597285,8840
"2004","IL","Israel",0.111233150274588,10015
"2005","IL","Israel",0.114652667104153,10667
"2006","IL","Israel",0.120287412401313,11273
"2007","IL","Israel",0.125255396642089,11257
"2008","IL","Israel",0.127356441664495,11511
"2009","IL","Israel",0.126406853687217,11906
"2010","IL","Israel",0.126920976675248,12819
"2011","IL","Israel",0.124283267555291,13429
"2012","IL","Israel",0.11862117981521,14070
"2013","IL","Israel",0.118566114305039,14785
"2014","IL","Israel",0.116628323108384,15648
"2015","IL","Israel",0.111947667242656,16204
"2016","IL","Israel",0.1125,16720
"2017","IL","Israel",0.112126931697535,16954
"2018","IL","Israel",0.107044716462653,16012
"2019","IL","Israel",0.10353778832604,13483
"1980","IN","India",0,0
"1981","IN","India",0.107692307692308,65
"1982","IN","India",0.0857142857142857,70
"1983","IN","India",0.0579710144927536,69
"1984","IN","India",0.0579710144927536,69
"1985","IN","India",0.0833333333333333,84
"1986","IN","India",0.0686274509803922,102
"1987","IN","India",0.0789473684210526,114
"1988","IN","India",0.0948275862068965,116
"1989","IN","India",0.0869565217391304,115
"1990","IN","India",0.0735294117647059,136
"1991","IN","India",0.113333333333333,150
"1992","IN","India",0.119617224880383,209
"1993","IN","India",0.117647058823529,255
"1994","IN","India",0.106896551724138,290
"1995","IN","India",0.117263843648208,307
"1996","IN","India",0.100574712643678,348
"1997","IN","India",0.0887096774193548,372
"1998","IN","India",0.0810234541577825,469
"1999","IN","India",0.087893864013267,603
"2000","IN","India",0.0870616686819831,827
"2001","IN","India",0.0878552971576227,1161
"2002","IN","India",0.0994285714285714,1750
"2003","IN","India",0.106127352823388,2497
"2004","IN","India",0.101918465227818,3336
"2005","IN","India",0.0999519461797213,4162
"2006","IN","India",0.103872157344806,4881
"2007","IN","India",0.10117222723174,5545
"2008","IN","India",0.0983034723323292,6307
"2009","IN","India",0.0984020185029437,7134
"2010","IN","India",0.0969572567012799,8282
"2011","IN","India",0.0962035791869246,9667
"2012","IN","India",0.0952754532775453,11472
"2013","IN","India",0.093623709025595,13362
"2014","IN","India",0.0936156351791531,15350
"2015","IN","India",0.0938945420906568,17296
"2016","IN","India",0.0936444421348023,19243
"2017","IN","India",0.0930439952437574,20184
"2018","IN","India",0.0932009167303285,19635
"2019","IN","India",0.0914298941033505,17281
"1980","IT","Italy",0.0304666409564211,2593
"1981","IT","Italy",0.0293956043956044,3640
"1982","IT","Italy",0.0300839552238806,4288
"1983","IT","Italy",0.0315065453738629,4507
"1984","IT","Italy",0.0320675105485232,4740
"1985","IT","Italy",0.0332475756976054,5053
"1986","IT","Italy",0.033503691084611,5283
"1987","IT","Italy",0.0366637706342311,5755
"1988","IT","Italy",0.040983606557377,6222
"1989","IT","Italy",0.046970136271383,6898
"1990","IT","Italy",0.0509798547348225,7297
"1991","IT","Italy",0.059820148572918,7673
"1992","IT","Italy",0.0655987795575896,7866
"1993","IT","Italy",0.0691680652121793,8342
"1994","IT","Italy",0.0750978763791672,8429
"1995","IT","Italy",0.0798809523809524,8400
"1996","IT","Italy",0.0825460557392537,8468
"1997","IT","Italy",0.0824066487182489,8543
"1998","IT","Italy",0.0856979405034325,8740
"1999","IT","Italy",0.086379102184173,9111
"2000","IT","Italy",0.0901230800528939,9831
"2001","IT","Italy",0.0933431816083464,10831
"2002","IT","Italy",0.0970905794115223,12133
"2003","IT","Italy",0.100732886324653,12826
"2004","IT","Italy",0.106204300296822,13813
"2005","IT","Italy",0.108552398497839,14113
"2006","IT","Italy",0.112253765932793,13808
"2007","IT","Italy",0.119012087748097,13402
"2008","IT","Italy",0.123280423280423,13230
"2009","IT","Italy",0.12360153256705,13050
"2010","IT","Italy",0.127684613121506,13596
"2011","IT","Italy",0.129342673176254,14133
"2012","IT","Italy",0.128267182962246,14462
"2013","IT","Italy",0.127753303964758,14982
"2014","IT","Italy",0.126955950032873,15210
"2015","IT","Italy",0.12301743347752,15258
"2016","IT","Italy",0.120744259699129,15156
"2017","IT","Italy",0.117287680429674,14895
"2018","IT","Italy",0.113351619838387,13489
"2019","IT","Italy",0.110755441741357,10934
"1980","JA",NA,0.0268562401263823,8229
"1981","JA",NA,0.0265134776844896,6789
"1982","JA",NA,0.0263512501871538,6679
"1983","JA",NA,0,0
"1984","JA",NA,0.0278172012489356,3523
"1985","JA",NA,0,0
"1986","JA",NA,0,0
"1987","JA",NA,0,0
"1988","JA",NA,0,0
"1989","JA",NA,0,0
"1990","JA",NA,0,0
"1991","JA",NA,0,0
"1992","JA",NA,0,0
"1993","JA",NA,0,0
"1994","JA",NA,0,0
"1995","JA",NA,0,0
"1996","JA",NA,0,0
"1997","JA",NA,0,0
"1998","JA",NA,0,0
"1999","JA",NA,0,0
"2000","JA",NA,0,0
"2001","JA",NA,0,0
"2002","JA",NA,0,0
"2003","JA",NA,0,0
"2004","JA",NA,0,0
"2005","JA",NA,0,0
"2006","JA",NA,0,0
"2007","JA",NA,0,0
"2008","JA",NA,0,0
"2009","JA",NA,0,0
"2010","JA",NA,0,0
"2011","JA",NA,0,0
"2012","JA",NA,0,0
"2013","JA",NA,0,0
"2014","JA",NA,0,0
"2015","JA",NA,0,0
"2016","JA",NA,0,0
"2017","JA",NA,0,0
"2018","JA",NA,0,0
"2019","JA",NA,0,0
"1980","JP","Japan",0.0264914652695623,23668
"1981","JP","Japan",0.026637888639965,36602
"1982","JP","Japan",0.0272777313408493,49051
"1983","JP","Japan",0.0275111742489865,57722
"1984","JP","Japan",0.0278240820078207,64189
"1985","JP","Japan",0.0291252665170919,71759
"1986","JP","Japan",0.0310649377169696,78352
"1987","JP","Japan",0.0324008057762387,88362
"1988","JP","Japan",0.0332673267326733,98475
"1989","JP","Japan",0.0346251306859462,112866
"1990","JP","Japan",0.0362865030724516,123517
"1991","JP","Japan",0.0378196590799176,134401
"1992","JP","Japan",0.0394594933097685,143717
"1993","JP","Japan",0.0411859265212995,154276
"1994","JP","Japan",0.0431398682291405,159064
"1995","JP","Japan",0.0449768836301627,162439
"1996","JP","Japan",0.0468515014796488,164904
"1997","JP","Japan",0.0486603849406515,166727
"1998","JP","Japan",0.0505478620370638,172945
"1999","JP","Japan",0.0516231327714262,179745
"2000","JP","Japan",0.051890426973457,188185
"2001","JP","Japan",0.05148941515213,206994
"2002","JP","Japan",0.051897638030398,234423
"2003","JP","Japan",0.0522133481547713,248289
"2004","JP","Japan",0.0524878078893759,259184
"2005","JP","Japan",0.053182862294105,265123
"2006","JP","Japan",0.0547033028117907,259052
"2007","JP","Japan",0.0554491960881817,241320
"2008","JP","Japan",0.0564590098372913,230043
"2009","JP","Japan",0.057812081067895,227513
"2010","JP","Japan",0.0596816046006031,228144
"2011","JP","Japan",0.0606713344862818,226087
"2012","JP","Japan",0.0627311490621479,226315
"2013","JP","Japan",0.0644213282258986,227642
"2014","JP","Japan",0.0663129734954927,222415
"2015","JP","Japan",0.0675401232903794,222564
"2016","JP","Japan",0.0684321758210201,222863
"2017","JP","Japan",0.0682294975570293,218791
"2018","JP","Japan",0.0676905013270713,202702
"2019","JP","Japan",0.0672867885526925,168354
"1980","KR","South Korea",0,0
"1981","KR","South Korea",0,0
"1982","KR","South Korea",0,0
"1983","KR","South Korea",0.134146341463415,82
"1984","KR","South Korea",0.117647058823529,102
"1985","KR","South Korea",0.176470588235294,136
"1986","KR","South Korea",0.209302325581395,172
"1987","KR","South Korea",0.217573221757322,239
"1988","KR","South Korea",0.204892966360856,327
"1989","KR","South Korea",0.210633946830266,489
"1990","KR","South Korea",0.200854700854701,702
"1991","KR","South Korea",0.196629213483146,1068
"1992","KR","South Korea",0.195763799743261,1558
"1993","KR","South Korea",0.188362068965517,2320
"1994","KR","South Korea",0.185173501577287,3170
"1995","KR","South Korea",0.187397131436633,4253
"1996","KR","South Korea",0.190295129458628,5523
"1997","KR","South Korea",0.188015940791346,7026
"1998","KR","South Korea",0.18673426277989,9468
"1999","KR","South Korea",0.186357593885012,12036
"2000","KR","South Korea",0.185667079719124,14526
"2001","KR","South Korea",0.185542435833472,18039
"2002","KR","South Korea",0.187568491649498,22813
"2003","KR","South Korea",0.190613853951567,26635
"2004","KR","South Korea",0.194364836580261,31055
"2005","KR","South Korea",0.197350515177604,36007
"2006","KR","South Korea",0.199323568177862,40211
"2007","KR","South Korea",0.201370779775229,43333
"2008","KR","South Korea",0.203534741274804,47019
"2009","KR","South Korea",0.205542264752791,50160
"2010","KR","South Korea",0.207021589155215,53777
"2011","KR","South Korea",0.20889684084969,57009
"2012","KR","South Korea",0.209370669071115,59889
"2013","KR","South Korea",0.209108219612821,63020
"2014","KR","South Korea",0.208594063526509,67279
"2015","KR","South Korea",0.208992830792789,71835
"2016","KR","South Korea",0.207814411025921,76039
"2017","KR","South Korea",0.206563361584805,78344
"2018","KR","South Korea",0.206218155627284,74974
"2019","KR","South Korea",0.205111516787047,62995
"1980","MX","Mexico",0.0163934426229508,122
"1981","MX","Mexico",0.0182926829268293,164
"1982","MX","Mexico",0.0167597765363128,179
"1983","MX","Mexico",0.0255102040816327,196
"1984","MX","Mexico",0.0253807106598985,197
"1985","MX","Mexico",0.0265957446808511,188
"1986","MX","Mexico",0.0212765957446809,188
"1987","MX","Mexico",0.0203045685279188,197
"1988","MX","Mexico",0.0147058823529412,204
"1989","MX","Mexico",0.028436018957346,211
"1990","MX","Mexico",0.0325581395348837,215
"1991","MX","Mexico",0.0487804878048781,205
"1992","MX","Mexico",0.0640394088669951,203
"1993","MX","Mexico",0.062200956937799,209
"1994","MX","Mexico",0.0465116279069767,215
"1995","MX","Mexico",0.0446428571428571,224
"1996","MX","Mexico",0.0481927710843374,249
"1997","MX","Mexico",0.043956043956044,273
"1998","MX","Mexico",0.0582822085889571,326
"1999","MX","Mexico",0.073490813648294,381
"2000","MX","Mexico",0.0699300699300699,429
"2001","MX","Mexico",0.0661157024793388,484
"2002","MX","Mexico",0.0782029950083195,601
"2003","MX","Mexico",0.078740157480315,635
"2004","MX","Mexico",0.0667655786350148,674
"2005","MX","Mexico",0.074964639321075,707
"2006","MX","Mexico",0.0808510638297872,705
"2007","MX","Mexico",0.0793157076205288,643
"2008","MX","Mexico",0.083969465648855,655
"2009","MX","Mexico",0.10958904109589,657
"2010","MX","Mexico",0.116666666666667,720
"2011","MX","Mexico",0.113842173350582,773
"2012","MX","Mexico",0.118665018541409,809
"2013","MX","Mexico",0.117106773823192,871
"2014","MX","Mexico",0.109504132231405,968
"2015","MX","Mexico",0.103581800580833,1033
"2016","MX","Mexico",0.109671848013817,1158
"2017","MX","Mexico",0.103766333589546,1301
"2018","MX","Mexico",0.106766917293233,1330
"2019","MX","Mexico",0.108403361344538,1190
"1980","MY","Malaysia",0,0
"1981","MY","Malaysia",0,0
"1982","MY","Malaysia",0,0
"1983","MY","Malaysia",0,0
"1984","MY","Malaysia",0,0
"1985","MY","Malaysia",0,0
"1986","MY","Malaysia",0,0
"1987","MY","Malaysia",0,0
"1988","MY","Malaysia",0,0
"1989","MY","Malaysia",0,0
"1990","MY","Malaysia",0,0
"1991","MY","Malaysia",0,0
"1992","MY","Malaysia",0,0
"1993","MY","Malaysia",0,0
"1994","MY","Malaysia",0.125,64
"1995","MY","Malaysia",0.147058823529412,68
"1996","MY","Malaysia",0.162162162162162,74
"1997","MY","Malaysia",0.13953488372093,86
"1998","MY","Malaysia",0.11,100
"1999","MY","Malaysia",0.11864406779661,118
"2000","MY","Malaysia",0.162337662337662,154
"2001","MY","Malaysia",0.173913043478261,184
"2002","MY","Malaysia",0.174545454545455,275
"2003","MY","Malaysia",0.167630057803468,346
"2004","MY","Malaysia",0.1727078891258,469
"2005","MY","Malaysia",0.169657422512235,613
"2006","MY","Malaysia",0.158505154639175,776
"2007","MY","Malaysia",0.166475315729047,871
"2008","MY","Malaysia",0.171634121274409,973
"2009","MY","Malaysia",0.175387596899225,1032
"2010","MY","Malaysia",0.178301886792453,1060
"2011","MY","Malaysia",0.18796992481203,1064
"2012","MY","Malaysia",0.180744777475023,1101
"2013","MY","Malaysia",0.173725151253241,1157
"2014","MY","Malaysia",0.169073916737468,1177
"2015","MY","Malaysia",0.169649805447471,1285
"2016","MY","Malaysia",0.168301886792453,1325
"2017","MY","Malaysia",0.176110260336907,1306
"2018","MY","Malaysia",0.184188393608074,1189
"2019","MY","Malaysia",0.190795781399808,1043
"1980","NL","Netherlands",0.0215534770231802,2459
"1981","NL","Netherlands",0.0208830548926014,3352
"1982","NL","Netherlands",0.0204451345755694,3864
"1983","NL","Netherlands",0.02082336045955,4178
"1984","NL","Netherlands",0.0204409738171796,4354
"1985","NL","Netherlands",0.0162887959498129,4543
"1986","NL","Netherlands",0.015795090715048,4685
"1987","NL","Netherlands",0.01670692431562,4968
"1988","NL","Netherlands",0.0172550575168584,5042
"1989","NL","Netherlands",0.0179552949798461,5458
"1990","NL","Netherlands",0.022070415133999,5709
"1991","NL","Netherlands",0.0251122567769832,6013
"1992","NL","Netherlands",0.0285621021707198,6127
"1993","NL","Netherlands",0.0339061061675361,6518
"1994","NL","Netherlands",0.0392662219526986,6596
"1995","NL","Netherlands",0.0419188861985472,6608
"1996","NL","Netherlands",0.0451420029895366,6690
"1997","NL","Netherlands",0.0480578395236745,7054
"1998","NL","Netherlands",0.0480630334865397,7615
"1999","NL","Netherlands",0.0507455507455507,8316
"2000","NL","Netherlands",0.0543740407805306,9122
"2001","NL","Netherlands",0.0574679113185531,10284
"2002","NL","Netherlands",0.0591301375715628,11703
"2003","NL","Netherlands",0.0605286996623569,12143
"2004","NL","Netherlands",0.0609376247903522,12521
"2005","NL","Netherlands",0.0595898859081098,12972
"2006","NL","Netherlands",0.0595412773187119,12949
"2007","NL","Netherlands",0.0596053161498188,12415
"2008","NL","Netherlands",0.0605511811023622,12700
"2009","NL","Netherlands",0.0621084797555386,13090
"2010","NL","Netherlands",0.0661065664382047,13569
"2011","NL","Netherlands",0.0679196924391286,14046
"2012","NL","Netherlands",0.0729245869910832,14467
"2013","NL","Netherlands",0.0761257550796266,14568
"2014","NL","Netherlands",0.0785106966538673,14584
"2015","NL","Netherlands",0.0808403589883057,14708
"2016","NL","Netherlands",0.0831172376143033,14654
"2017","NL","Netherlands",0.0808194191104251,14254
"2018","NL","Netherlands",0.0800428527701255,13068
"2019","NL","Netherlands",0.0797483578499399,10809
"1980","NO","Norway",0.0161290322580645,310
"1981","NO","Norway",0.0144230769230769,416
"1982","NO","Norway",0.0130151843817787,461
"1983","NO","Norway",0.0154867256637168,452
"1984","NO","Norway",0.00909090909090909,440
"1985","NO","Norway",0.0126050420168067,476
"1986","NO","Norway",0.0107991360691145,463
"1987","NO","Norway",0.0148698884758364,538
"1988","NO","Norway",0.0133111480865225,601
"1989","NO","Norway",0.0178306092124814,673
"1990","NO","Norway",0.0158959537572254,692
"1991","NO","Norway",0.0210803689064559,759
"1992","NO","Norway",0.024390243902439,738
"1993","NO","Norway",0.0334190231362468,778
"1994","NO","Norway",0.0280487804878049,820
"1995","NO","Norway",0.0292134831460674,890
"1996","NO","Norway",0.0316789862724393,947
"1997","NO","Norway",0.0375360923965351,1039
"1998","NO","Norway",0.0435525192143467,1171
"1999","NO","Norway",0.0542635658914729,1290
"2000","NO","Norway",0.0658073270013569,1474
"2001","NO","Norway",0.0703125,1664
"2002","NO","Norway",0.0729853015712114,1973
"2003","NO","Norway",0.0716878402903811,2204
"2004","NO","Norway",0.0752427184466019,2472
"2005","NO","Norway",0.0737642585551331,2630
"2006","NO","Norway",0.0685986793837124,2726
"2007","NO","Norway",0.0634016704631739,2634
"2008","NO","Norway",0.0644796380090498,2652
"2009","NO","Norway",0.0596958174904943,2630
"2010","NO","Norway",0.0637362637362637,2730
"2011","NO","Norway",0.0700818214158662,2811
"2012","NO","Norway",0.0723618090452261,2985
"2013","NO","Norway",0.0709150326797386,3060
"2014","NO","Norway",0.0687046958714151,3173
"2015","NO","Norway",0.0647773279352227,3211
"2016","NO","Norway",0.0621680724773508,3201
"2017","NO","Norway",0.0621321124918247,3058
"2018","NO","Norway",0.0609756097560976,2706
"2019","NO","Norway",0.0613786591123702,2118
"1980","NZ","New Zealand",0.0314465408805031,159
"1981","NZ","New Zealand",0.0285714285714286,210
"1982","NZ","New Zealand",0.0289256198347107,242
"1983","NZ","New Zealand",0.0344827586206897,261
"1984","NZ","New Zealand",0.0344827586206897,290
"1985","NZ","New Zealand",0.037037037037037,270
"1986","NZ","New Zealand",0.044280442804428,271
"1987","NZ","New Zealand",0.054421768707483,294
"1988","NZ","New Zealand",0.0540540540540541,296
"1989","NZ","New Zealand",0.0580204778156997,293
"1990","NZ","New Zealand",0.0643086816720257,311
"1991","NZ","New Zealand",0.0650684931506849,292
"1992","NZ","New Zealand",0.0596491228070175,285
"1993","NZ","New Zealand",0.0612244897959184,294
"1994","NZ","New Zealand",0.0750853242320819,293
"1995","NZ","New Zealand",0.06,300
"1996","NZ","New Zealand",0.0594900849858357,353
"1997","NZ","New Zealand",0.0507246376811594,414
"1998","NZ","New Zealand",0.0528455284552846,492
"1999","NZ","New Zealand",0.0489038785834739,593
"2000","NZ","New Zealand",0.0509641873278237,726
"2001","NZ","New Zealand",0.0552995391705069,868
"2002","NZ","New Zealand",0.0660287081339713,1045
"2003","NZ","New Zealand",0.0807823129251701,1176
"2004","NZ","New Zealand",0.0841546626231994,1319
"2005","NZ","New Zealand",0.0937723693629205,1397
"2006","NZ","New Zealand",0.107670654468684,1421
"2007","NZ","New Zealand",0.119795471146822,1369
"2008","NZ","New Zealand",0.119205298013245,1359
"2009","NZ","New Zealand",0.122599704579025,1354
"2010","NZ","New Zealand",0.119676945668135,1362
"2011","NZ","New Zealand",0.106986899563319,1374
"2012","NZ","New Zealand",0.0919943820224719,1424
"2013","NZ","New Zealand",0.0858283433133733,1503
"2014","NZ","New Zealand",0.0761154855643045,1524
"2015","NZ","New Zealand",0.0748762376237624,1616
"2016","NZ","New Zealand",0.0762660158633313,1639
"2017","NZ","New Zealand",0.0788804071246819,1572
"2018","NZ","New Zealand",0.0780780780780781,1332
"2019","NZ","New Zealand",0.0836501901140684,1052
"1980","PL","Poland",0.12621359223301,103
"1981","PL","Poland",0.089171974522293,157
"1982","PL","Poland",0.0879120879120879,182
"1983","PL","Poland",0.0736842105263158,190
"1984","PL","Poland",0.0578034682080925,173
"1985","PL","Poland",0.0413793103448276,145
"1986","PL","Poland",0.0454545454545455,110
"1987","PL","Poland",0.043859649122807,114
"1988","PL","Poland",0.0648148148148148,108
"1989","PL","Poland",0.0714285714285714,126
"1990","PL","Poland",0.0928571428571429,140
"1991","PL","Poland",0.115107913669065,139
"1992","PL","Poland",0.111111111111111,117
"1993","PL","Poland",0.12781954887218,133
"1994","PL","Poland",0.112,125
"1995","PL","Poland",0.151260504201681,119
"1996","PL","Poland",0.135338345864662,133
"1997","PL","Poland",0.131944444444444,144
"1998","PL","Poland",0.114093959731544,149
"1999","PL","Poland",0.140625,192
"2000","PL","Poland",0.140096618357488,207
"2001","PL","Poland",0.149038461538462,208
"2002","PL","Poland",0.135802469135802,243
"2003","PL","Poland",0.14760147601476,271
"2004","PL","Poland",0.159722222222222,288
"2005","PL","Poland",0.136498516320475,337
"2006","PL","Poland",0.129113924050633,395
"2007","PL","Poland",0.156542056074766,428
"2008","PL","Poland",0.153679653679654,462
"2009","PL","Poland",0.136094674556213,507
"2010","PL","Poland",0.142066420664207,542
"2011","PL","Poland",0.160493827160494,648
"2012","PL","Poland",0.152454780361757,774
"2013","PL","Poland",0.144722524483134,919
"2014","PL","Poland",0.15041782729805,1077
"2015","PL","Poland",0.149073327961322,1241
"2016","PL","Poland",0.129939209726444,1316
"2017","PL","Poland",0.115774240231548,1382
"2018","PL","Poland",0.107843137254902,1326
"2019","PL","Poland",0.0936363636363636,1100
"1980","RU","Russia",0,0
"1981","RU","Russia",0,0
"1982","RU","Russia",0,0
"1983","RU","Russia",0,0
"1984","RU","Russia",0,0
"1985","RU","Russia",0,0
"1986","RU","Russia",0,0
"1987","RU","Russia",0,0
"1988","RU","Russia",0,0
"1989","RU","Russia",0,0
"1990","RU","Russia",0,0
"1991","RU","Russia",0,0
"1992","RU","Russia",0,0
"1993","RU","Russia",0.171052631578947,76
"1994","RU","Russia",0.122699386503067,163
"1995","RU","Russia",0.130208333333333,384
"1996","RU","Russia",0.114864864864865,592
"1997","RU","Russia",0.124013528748591,887
"1998","RU","Russia",0.1144,1250
"1999","RU","Russia",0.116356382978723,1504
"2000","RU","Russia",0.118055555555556,1728
"2001","RU","Russia",0.12008072653885,1982
"2002","RU","Russia",0.115295211529521,2151
"2003","RU","Russia",0.114732142857143,2240
"2004","RU","Russia",0.113406408094435,2372
"2005","RU","Russia",0.111016588685666,2351
"2006","RU","Russia",0.110335804622765,2293
"2007","RU","Russia",0.10724106324473,2182
"2008","RU","Russia",0.113809523809524,2100
"2009","RU","Russia",0.114881240911294,2063
"2010","RU","Russia",0.111915098890497,2073
"2011","RU","Russia",0.105837683910774,2107
"2012","RU","Russia",0.10820724438331,2181
"2013","RU","Russia",0.101084598698482,2305
"2014","RU","Russia",0.0976627712854758,2396
"2015","RU","Russia",0.0926966292134832,2492
"2016","RU","Russia",0.0916119056822574,2587
"2017","RU","Russia",0.0823754789272031,2610
"2018","RU","Russia",0.0750825082508251,2424
"2019","RU","Russia",0.0687778327560613,2021
"1980","SA","Saudi Arabia",0,0
"1981","SA","Saudi Arabia",0,0
"1982","SA","Saudi Arabia",0,0
"1983","SA","Saudi Arabia",0,0
"1984","SA","Saudi Arabia",0,0
"1985","SA","Saudi Arabia",0,0
"1986","SA","Saudi Arabia",0,0
"1987","SA","Saudi Arabia",0,0
"1988","SA","Saudi Arabia",0,0
"1989","SA","Saudi Arabia",0,0
"1990","SA","Saudi Arabia",0,0
"1991","SA","Saudi Arabia",0,0
"1992","SA","Saudi Arabia",0,0
"1993","SA","Saudi Arabia",0,0
"1994","SA","Saudi Arabia",0,0
"1995","SA","Saudi Arabia",0,0
"1996","SA","Saudi Arabia",0,0
"1997","SA","Saudi Arabia",0,0
"1998","SA","Saudi Arabia",0,0
"1999","SA","Saudi Arabia",0,61
"2000","SA","Saudi Arabia",0,81
"2001","SA","Saudi Arabia",0.00934579439252336,107
"2002","SA","Saudi Arabia",0.015748031496063,127
"2003","SA","Saudi Arabia",0.0180722891566265,166
"2004","SA","Saudi Arabia",0.0157068062827225,191
"2005","SA","Saudi Arabia",0.0152284263959391,197
"2006","SA","Saudi Arabia",0.0137614678899083,218
"2007","SA","Saudi Arabia",0.00840336134453781,238
"2008","SA","Saudi Arabia",0.0112359550561798,267
"2009","SA","Saudi Arabia",0.022508038585209,311
"2010","SA","Saudi Arabia",0.0208816705336427,431
"2011","SA","Saudi Arabia",0.0230905861456483,563
"2012","SA","Saudi Arabia",0.0318471337579618,785
"2013","SA","Saudi Arabia",0.0293308890925756,1091
"2014","SA","Saudi Arabia",0.0295420974889217,1354
"2015","SA","Saudi Arabia",0.0380894800483676,1654
"2016","SA","Saudi Arabia",0.0413179916317992,1912
"2017","SA","Saudi Arabia",0.0434981684981685,2184
"2018","SA","Saudi Arabia",0.0549545651233232,2311
"2019","SA","Saudi Arabia",0.0610184372256365,2278
"1980","SE","Sweden",0.02,2100
"1981","SE","Sweden",0.0191372040220564,3083
"1982","SE","Sweden",0.0205635948210206,3939
"1983","SE","Sweden",0.02024567788899,4396
"1984","SE","Sweden",0.0188966116420504,4604
"1985","SE","Sweden",0.0181579523080289,4571
"1986","SE","Sweden",0.0224089635854342,4641
"1987","SE","Sweden",0.0240215365500104,4829
"1988","SE","Sweden",0.0283228808415942,4943
"1989","SE","Sweden",0.0344217151848938,5084
"1990","SE","Sweden",0.0380076015203041,4999
"1991","SE","Sweden",0.0396466721446179,4868
"1992","SE","Sweden",0.0443412162162162,4736
"1993","SE","Sweden",0.0484709798210942,4807
"1994","SE","Sweden",0.0514309415180423,4822
"1995","SE","Sweden",0.0558886095532779,5171
"1996","SE","Sweden",0.0620879120879121,5460
"1997","SE","Sweden",0.0656540084388186,5925
"1998","SE","Sweden",0.0680345572354212,6482
"1999","SE","Sweden",0.0682959048877147,7570
"2000","SE","Sweden",0.0713458420199212,8634
"2001","SE","Sweden",0.0699209762928879,9997
"2002","SE","Sweden",0.0741643454038997,11488
"2003","SE","Sweden",0.0794839120739089,12556
"2004","SE","Sweden",0.0815550554822689,12887
"2005","SE","Sweden",0.0838068181818182,12672
"2006","SE","Sweden",0.0872809591682737,11927
"2007","SE","Sweden",0.0869130869130869,11011
"2008","SE","Sweden",0.0862475256857385,10609
"2009","SE","Sweden",0.089626239511823,10488
"2010","SE","Sweden",0.0917991556633432,11133
"2011","SE","Sweden",0.0919117647058824,11696
"2012","SE","Sweden",0.0936295810445191,12197
"2013","SE","Sweden",0.0927045546150746,12405
"2014","SE","Sweden",0.0923669522836255,12721
"2015","SE","Sweden",0.0874098463468172,12756
"2016","SE","Sweden",0.0867912820910572,12893
"2017","SE","Sweden",0.0841436952503416,12443
"2018","SE","Sweden",0.0815533980582524,11330
"2019","SE","Sweden",0.0791657567154401,9158
"1980","SG","Singapore",0,0
"1981","SG","Singapore",0,0
"1982","SG","Singapore",0,0
"1983","SG","Singapore",0,0
"1984","SG","Singapore",0,0
"1985","SG","Singapore",0,0
"1986","SG","Singapore",0,0
"1987","SG","Singapore",0,0
"1988","SG","Singapore",0,0
"1989","SG","Singapore",0,0
"1990","SG","Singapore",0.193548387096774,62
"1991","SG","Singapore",0.1875,80
"1992","SG","Singapore",0.18,100
"1993","SG","Singapore",0.162162162162162,148
"1994","SG","Singapore",0.155,200
"1995","SG","Singapore",0.15234375,256
"1996","SG","Singapore",0.140350877192982,342
"1997","SG","Singapore",0.151300236406619,423
"1998","SG","Singapore",0.144194756554307,534
"1999","SG","Singapore",0.140625,640
"2000","SG","Singapore",0.128805620608899,854
"2001","SG","Singapore",0.113384484228474,1173
"2002","SG","Singapore",0.113317757009346,1712
"2003","SG","Singapore",0.115539632781012,2233
"2004","SG","Singapore",0.115144847818115,2727
"2005","SG","Singapore",0.122749590834697,3055
"2006","SG","Singapore",0.135044301863734,3273
"2007","SG","Singapore",0.13691026827012,3243
"2008","SG","Singapore",0.146868250539957,3241
"2009","SG","Singapore",0.152053954629062,3262
"2010","SG","Singapore",0.154331612162937,3486
"2011","SG","Singapore",0.15510999721526,3591
"2012","SG","Singapore",0.162684563758389,3725
"2013","SG","Singapore",0.164287568128731,3853
"2014","SG","Singapore",0.164437840515106,4038
"2015","SG","Singapore",0.16751269035533,4137
"2016","SG","Singapore",0.16278522700541,4251
"2017","SG","Singapore",0.157609974123736,4251
"2018","SG","Singapore",0.151686776655996,4061
"2019","SG","Singapore",0.151567944250871,3444
"1980","SU",NA,0.128262490678598,1341
"1981","SU",NA,0.13203214695752,1742
"1982","SU",NA,0.134531590413943,1836
"1983","SU",NA,0.14,1700
"1984","SU",NA,0.144593730006398,1563
"1985","SU",NA,0.145098039215686,1275
"1986","SU",NA,0.151911468812877,994
"1987","SU",NA,0.156108597285068,884
"1988","SU",NA,0.151476251604621,779
"1989","SU",NA,0.154946364719905,839
"1990","SU",NA,0.155773420479303,918
"1991","SU",NA,0.142303969022265,1033
"1992","SU",NA,0.134254689042448,1013
"1993","SU",NA,0.136410256410256,975
"1994","SU",NA,0.119897959183673,784
"1995","SU",NA,0.111683848797251,582
"1996","SU",NA,0.106442577030812,357
"1997","SU",NA,0.116935483870968,248
"1998","SU",NA,0.10625,160
"1999","SU",NA,0.137931034482759,87
"2000","SU",NA,0,0
"2001","SU",NA,0,0
"2002","SU",NA,0,0
"2003","SU",NA,0,0
"2004","SU",NA,0,0
"2005","SU",NA,0,0
"2006","SU",NA,0,0
"2007","SU",NA,0,0
"2008","SU",NA,0,0
"2009","SU",NA,0,0
"2010","SU",NA,0,0
"2011","SU",NA,0,0
"2012","SU",NA,0,0
"2013","SU",NA,0,0
"2014","SU",NA,0,0
"2015","SU",NA,0,0
"2016","SU",NA,0,0
"2017","SU",NA,0,0
"2018","SU",NA,0,0
"2019","SU",NA,0,0
"1980","SW",NA,0,0
"1981","SW",NA,0.0178173719376392,898
"1982","SW",NA,0,0
"1983","SW",NA,0,0
"1984","SW",NA,0,0
"1985","SW",NA,0,0
"1986","SW",NA,0,0
"1987","SW",NA,0,0
"1988","SW",NA,0,0
"1989","SW",NA,0,0
"1990","SW",NA,0,0
"1991","SW",NA,0,0
"1992","SW",NA,0,0
"1993","SW",NA,0,0
"1994","SW",NA,0,0
"1995","SW",NA,0,0
"1996","SW",NA,0,0
"1997","SW",NA,0,0
"1998","SW",NA,0,0
"1999","SW",NA,0,0
"2000","SW",NA,0,0
"2001","SW",NA,0,0
"2002","SW",NA,0,0
"2003","SW",NA,0,0
"2004","SW",NA,0,0
"2005","SW",NA,0,0
"2006","SW",NA,0,0
"2007","SW",NA,0,0
"2008","SW",NA,0,0
"2009","SW",NA,0,0
"2010","SW",NA,0,0
"2011","SW",NA,0,0
"2012","SW",NA,0,0
"2013","SW",NA,0,0
"2014","SW",NA,0,0
"2015","SW",NA,0,0
"2016","SW",NA,0,0
"2017","SW",NA,0,0
"2018","SW",NA,0,0
"2019","SW",NA,0,0
"1980","TW","Taiwan",0.225,120
"1981","TW","Taiwan",0.199004975124378,201
"1982","TW","Taiwan",0.214285714285714,294
"1983","TW","Taiwan",0.208092485549133,346
"1984","TW","Taiwan",0.193954659949622,397
"1985","TW","Taiwan",0.196687370600414,483
"1986","TW","Taiwan",0.205685618729097,598
"1987","TW","Taiwan",0.202007528230866,797
"1988","TW","Taiwan",0.20695652173913,1150
"1989","TW","Taiwan",0.198617221873036,1591
"1990","TW","Taiwan",0.202975047984645,2084
"1991","TW","Taiwan",0.203389830508475,2714
"1992","TW","Taiwan",0.201823708206687,3290
"1993","TW","Taiwan",0.202040816326531,3920
"1994","TW","Taiwan",0.208671507902606,4682
"1995","TW","Taiwan",0.21542454579162,5394
"1996","TW","Taiwan",0.220413478756308,6143
"1997","TW","Taiwan",0.222332859174964,7030
"1998","TW","Taiwan",0.225210283141808,8441
"1999","TW","Taiwan",0.228491115349864,9961
"2000","TW","Taiwan",0.228021748222501,11955
"2001","TW","Taiwan",0.229253981559095,14316
"2002","TW","Taiwan",0.22879838890132,17876
"2003","TW","Taiwan",0.229773307022188,20777
"2004","TW","Taiwan",0.229267259635748,23610
"2005","TW","Taiwan",0.230321037197098,25916
"2006","TW","Taiwan",0.231224939493552,27683
"2007","TW","Taiwan",0.235285795132994,28272
"2008","TW","Taiwan",0.238364327545464,29199
"2009","TW","Taiwan",0.241484644440795,30445
"2010","TW","Taiwan",0.244327606171564,31953
"2011","TW","Taiwan",0.245858918676052,33385
"2012","TW","Taiwan",0.247539851527882,34754
"2013","TW","Taiwan",0.247609810170431,36085
"2014","TW","Taiwan",0.250040355125101,37170
"2015","TW","Taiwan",0.250384187377457,37742
"2016","TW","Taiwan",0.250386560788322,38157
"2017","TW","Taiwan",0.249980330964307,38131
"2018","TW","Taiwan",0.24916194977194,36394
"2019","TW","Taiwan",0.246070019415044,31934
"1980","US","United States",0.0322795831203597,115429
"1981","US","United States",0.0329732728518748,153215
"1982","US","United States",0.0335849145885582,169064
"1983","US","United States",0.0348327812800513,168462
"1984","US","United States",0.0365710017524204,174045
"1985","US","United States",0.0386397816520916,179530
"1986","US","United States",0.0412671156505062,179368
"1987","US","United States",0.0441953742924617,186739
"1988","US","United States",0.047234566143646,196678
"1989","US","United States",0.0506991317790937,217341
"1990","US","United States",0.0540682073920194,231060
"1991","US","United States",0.0572133218374672,249365
"1992","US","United States",0.0605210013111691,265412
"1993","US","United States",0.062835964465569,282768
"1994","US","United States",0.0650290425206691,297667
"1995","US","United States",0.0669708785144848,316227
"1996","US","United States",0.0698162776566465,335724
"1997","US","United States",0.0726261527070385,356552
"1998","US","United States",0.0761327145865912,394561
"1999","US","United States",0.0791973574480179,429282
"2000","US","United States",0.082317545915027,464336
"2001","US","United States",0.0848025065407035,503004
"2002","US","United States",0.0874190954138557,569498
"2003","US","United States",0.089723687787177,610686
"2004","US","United States",0.0907257653201343,637217
"2005","US","United States",0.0915707102538034,652119
"2006","US","United States",0.0921127660582787,654133
"2007","US","United States",0.0920467813622846,620076
"2008","US","United States",0.0915312146546603,595906
"2009","US","United States",0.0923441267358789,583134
"2010","US","United States",0.0927530642498162,580811
"2011","US","United States",0.0937228955758682,579933
"2012","US","United States",0.0941980668706004,589407
"2013","US","United States",0.0948085882080956,601243
"2014","US","United States",0.0955760950759652,623838
"2015","US","United States",0.0963034896772648,634328
"2016","US","United States",0.0963756101196021,644136
"2017","US","United States",0.0963561249885942,635642
"2018","US","United States",0.0959136374931747,591553
"2019","US","United States",0.0947401308164438,496115
"1980","ZA","South Africa",0.0225563909774436,266
"1981","ZA","South Africa",0.02088772845953,383
"1982","ZA","South Africa",0.0207373271889401,434
"1983","ZA","South Africa",0.0227790432801822,439
"1984","ZA","South Africa",0.0304347826086957,460
"1985","ZA","South Africa",0.0326797385620915,459
"1986","ZA","South Africa",0.0316027088036117,443
"1987","ZA","South Africa",0.0287474332648871,487
"1988","ZA","South Africa",0.0315985130111524,538
"1989","ZA","South Africa",0.0260416666666667,576
"1990","ZA","South Africa",0.0257648953301127,621
"1991","ZA","South Africa",0.0280811232449298,641
"1992","ZA","South Africa",0.0382775119617225,627
"1993","ZA","South Africa",0.0383333333333333,600
"1994","ZA","South Africa",0.0500782472613459,639
"1995","ZA","South Africa",0.0462249614791988,649
"1996","ZA","South Africa",0.0524017467248908,687
"1997","ZA","South Africa",0.0554765291607397,703
"1998","ZA","South Africa",0.0562091503267974,765
"1999","ZA","South Africa",0.0545702592087312,733
"2000","ZA","South Africa",0.0666666666666667,735
"2001","ZA","South Africa",0.0689655172413793,754
"2002","ZA","South Africa",0.0668348045397226,793
"2003","ZA","South Africa",0.0700876095118899,799
"2004","ZA","South Africa",0.0693301997649824,851
"2005","ZA","South Africa",0.0686164229471316,889
"2006","ZA","South Africa",0.0724137931034483,870
"2007","ZA","South Africa",0.0721040189125296,846
"2008","ZA","South Africa",0.0790419161676647,835
"2009","ZA","South Africa",0.0876543209876543,810
"2010","ZA","South Africa",0.0833333333333333,804
"2011","ZA","South Africa",0.0880195599022005,818
"2012","ZA","South Africa",0.0952955367913148,829
"2013","ZA","South Africa",0.0900473933649289,844
"2014","ZA","South Africa",0.0895348837209302,860
"2015","ZA","South Africa",0.0927230046948357,852
"2016","ZA","South Africa",0.0844079718640094,853
"2017","ZA","South Africa",0.0808909730363423,853
"2018","ZA","South Africa",0.079155672823219,758
"2019","ZA","South Africa",0.0723472668810289,622
