"","p_year","inv_ctry","country","female_share_inventors","total_inventors"
"1","1980","AT","Austria",0,0
"2","1981","AT","Austria",0,0
"3","1982","AT","Austria",0.00856531049250535,363
"4","1983","AT","Austria",0.0101302460202605,408
"5","1984","AT","Austria",0.00903041825095057,406
"6","1985","AT","Austria",0.0106619280319858,569
"7","1986","AT","Austria",0.0114601018675722,610
"8","1987","AT","Austria",0.0130168453292496,619
"9","1988","AT","Austria",0.0143833153541891,577
"10","1989","AT","Austria",0.0155945419103314,703
"11","1990","AT","Austria",0.0146875,691
"12","1991","AT","Austria",0.0164749766863537,627
"13","1992","AT","Austria",0.0171937365673933,659
"14","1993","AT","Austria",0.0182982616651418,599
"15","1994","AT","Austria",0.0206851971557854,518
"16","1995","AT","Austria",0.0239714933592485,684
"17","1996","AT","Austria",0.0246367656348705,706
"18","1997","AT","Austria",0.0279569892473118,748
"19","1998","AT","Austria",0.0285961871750433,806
"20","1999","AT","Austria",0.0283870967741936,931
"21","2000","AT","Austria",0.0310573731626363,1027
"22","2001","AT","Austria",0.032994923857868,1216
"23","2002","AT","Austria",0.0317950581395349,1524
"24","2003","AT","Austria",0.0357431667475336,1485
"25","2004","AT","Austria",0.0396873120865905,1400
"26","2005","AT","Austria",0.0400469414698548,1192
"27","2006","AT","Austria",0.0423234092235844,1251
"28","2007","AT","Austria",0.0450932436563742,1214
"29","2008","AT","Austria",0.0445733475805221,1494
"30","2009","AT","Austria",0.0447849145550972,1637
"31","2010","AT","Austria",0.0507854821235103,1788
"32","2011","AT","Austria",0.0658996984251089,1801
"33","2012","AT","Austria",0.0649523387275549,1818
"34","2013","AT","Austria",0.06081820170641,1870
"35","2014","AT","Austria",0.0530945973918443,2182
"36","2015","AT","Austria",0.0526458126746597,2365
"37","2016","AT","Austria",0.0548842750170184,2292
"38","2017","AT","Austria",0.051516258677384,1780
"39","2018","AT","Austria",0.0536716272261527,1078
"40","2019","AT","Austria",0.0523802417549619,283
"41","1980","AU","Australia",0.0180952380952381,361
"42","1981","AU","Australia",0.0227773695811903,385
"43","1982","AU","Australia",0.0242718446601942,389
"44","1983","AU","Australia",0.0312680949623625,356
"45","1984","AU","Australia",0.0356555128908393,332
"46","1985","AU","Australia",0.037192247249869,447
"47","1986","AU","Australia",0.0355731225296443,500
"48","1987","AU","Australia",0.0365965233302836,551
"49","1988","AU","Australia",0.0356255178127589,584
"50","1989","AU","Australia",0.0353241077931537,664
"51","1990","AU","Australia",0.036883833160979,602
"52","1991","AU","Australia",0.0419973544973545,623
"53","1992","AU","Australia",0.0465879265091864,575
"54","1993","AU","Australia",0.0515986071541627,695
"55","1994","AU","Australia",0.0511172329354148,772
"56","1995","AU","Australia",0.0580793559516964,813
"57","1996","AU","Australia",0.0622270742358079,809
"58","1997","AU","Australia",0.0684063845958956,858
"59","1998","AU","Australia",0.0797183738360209,1151
"60","1999","AU","Australia",0.0884353741496599,1073
"61","2000","AU","Australia",0.0903263403263403,1257
"62","2001","AU","Australia",0.108103564223268,1609
"63","2002","AU","Australia",0.120241857908479,2187
"64","2003","AU","Australia",0.121293471629042,2069
"65","2004","AU","Australia",0.135602205258694,2310
"66","2005","AU","Australia",0.150445731090892,2706
"67","2006","AU","Australia",0.154524637435332,2519
"68","2007","AU","Australia",0.160359624029424,2631
"69","2008","AU","Australia",0.168644262420577,2897
"70","2009","AU","Australia",0.172910021511757,2728
"71","2010","AU","Australia",0.165711346266902,2833
"72","2011","AU","Australia",0.134499040873543,2222
"73","2012","AU","Australia",0.108238947753014,2060
"74","2013","AU","Australia",0.0935307872174591,2024
"75","2014","AU","Australia",0.0832366589327146,2248
"76","2015","AU","Australia",0.0787302725968436,2160
"77","2016","AU","Australia",0.0863349948274241,1993
"78","2017","AU","Australia",0.0868843960601348,1673
"79","2018","AU","Australia",0.0834321866350336,895
"80","2019","AU","Australia",0.0821341956345998,271
"81","1980","BE","Belgium",0.0187940485512921,440
"82","1981","BE","Belgium",0.0214723926380368,457
"83","1982","BE","Belgium",0.0260021668472373,356
"84","1983","BE","Belgium",0.0265348595213319,380
"85","1984","BE","Belgium",0.0288065843621399,311
"86","1985","BE","Belgium",0.0296675191815857,451
"87","1986","BE","Belgium",0.032844871147044,481
"88","1987","BE","Belgium",0.0285973672265093,580
"89","1988","BE","Belgium",0.0334620334620335,508
"90","1989","BE","Belgium",0.0377842993396919,706
"91","1990","BE","Belgium",0.0448383733055266,602
"92","1991","BE","Belgium",0.051492292554936,653
"93","1992","BE","Belgium",0.0556615776081425,675
"94","1993","BE","Belgium",0.0634740719750638,893
"95","1994","BE","Belgium",0.0656836461126005,907
"96","1995","BE","Belgium",0.0706705258080077,1018
"97","1996","BE","Belgium",0.0746553552492047,1222
"98","1997","BE","Belgium",0.0805668802174335,1111
"99","1998","BE","Belgium",0.0846717877094972,1470
"100","1999","BE","Belgium",0.096474661630469,1533
"101","2000","BE","Belgium",0.107489994282447,1660
"102","2001","BE","Belgium",0.11127129750983,1856
"103","2002","BE","Belgium",0.11908014571949,2265
"104","2003","BE","Belgium",0.123491683878682,1885
"105","2004","BE","Belgium",0.119315197983405,1855
"106","2005","BE","Belgium",0.114827550276128,1736
"107","2006","BE","Belgium",0.115322839704465,1598
"108","2007","BE","Belgium",0.109995329285381,1490
"109","2008","BE","Belgium",0.107125890736342,1741
"110","2009","BE","Belgium",0.107104858730346,1894
"111","2010","BE","Belgium",0.108892921960073,2093
"112","2011","BE","Belgium",0.117563739376771,2218
"113","2012","BE","Belgium",0.124413793103448,2003
"114","2013","BE","Belgium",0.130268199233716,2167
"115","2014","BE","Belgium",0.129008679762449,2277
"116","2015","BE","Belgium",0.12212543554007,2372
"117","2016","BE","Belgium",0.108063678837169,2070
"118","2017","BE","Belgium",0.0915645989727381,1844
"119","2018","BE","Belgium",0.100559990468247,1017
"120","2019","BE","Belgium",0.100569259962049,302
"121","1980","BR","Brazil",0,0
"122","1981","BR","Brazil",0,0
"123","1982","BR","Brazil",0,0
"124","1983","BR","Brazil",0,0
"125","1984","BR","Brazil",0,0
"126","1985","BR","Brazil",0,0
"127","1986","BR","Brazil",0,0
"128","1987","BR","Brazil",0.0161290322580645,51
"129","1988","BR","Brazil",0.0201005025125628,46
"130","1989","BR","Brazil",0.0148514851485149,34
"131","1990","BR","Brazil",0.00909090909090909,49
"132","1991","BR","Brazil",0.0193050193050193,79
"133","1992","BR","Brazil",0.0251798561151079,70
"134","1993","BR","Brazil",0.0410094637223975,85
"135","1994","BR","Brazil",0.0491803278688525,83
"136","1995","BR","Brazil",0.0666666666666667,118
"137","1996","BR","Brazil",0.0637813211845103,83
"138","1997","BR","Brazil",0.0730593607305936,69
"139","1998","BR","Brazil",0.0777537796976242,110
"140","1999","BR","Brazil",0.0842696629213483,154
"141","2000","BR","Brazil",0.0732984293193717,157
"142","2001","BR","Brazil",0.0721500721500721,203
"143","2002","BR","Brazil",0.0686164229471316,265
"144","2003","BR","Brazil",0.064327485380117,247
"145","2004","BR","Brazil",0.0646551724137931,288
"146","2005","BR","Brazil",0.0755336617405583,215
"147","2006","BR","Brazil",0.0883977900552486,252
"148","2007","BR","Brazil",0.101167315175097,283
"149","2008","BR","Brazil",0.116161616161616,348
"150","2009","BR","Brazil",0.127090301003344,397
"151","2010","BR","Brazil",0.12710843373494,380
"152","2011","BR","Brazil",0.127104834329169,433
"153","2012","BR","Brazil",0.121586810922205,383
"154","2013","BR","Brazil",0.111388611388611,409
"155","2014","BR","Brazil",0.0962000962000962,474
"156","2015","BR","Brazil",0.0941499085923218,489
"157","2016","BR","Brazil",0.09391771019678,481
"158","2017","BR","Brazil",0.0928381962864721,409
"159","2018","BR","Brazil",0.0925838450637695,264
"160","2019","BR","Brazil",0.102064220183486,101
"161","1980","CA","Canada",0.0378556313190689,1230
"162","1981","CA","Canada",0.0361679604798871,1489
"163","1982","CA","Canada",0.0365853658536585,1261
"164","1983","CA","Canada",0.0362389813907933,1215
"165","1984","CA","Canada",0.0365458750963763,1290
"166","1985","CA","Canada",0.0400232862756513,1616
"167","1986","CA","Canada",0.0394908144076378,1531
"168","1987","CA","Canada",0.0380608974358974,1836
"169","1988","CA","Canada",0.0415182410023339,1868
"170","1989","CA","Canada",0.045618885580604,2553
"171","1990","CA","Canada",0.0460370662460568,2356
"172","1991","CA","Canada",0.0493926402286531,2583
"173","1992","CA","Canada",0.0544144442603942,2714
"174","1993","CA","Canada",0.0550755939524838,2758
"175","1994","CA","Canada",0.05661786674634,2977
"176","1995","CA","Canada",0.0595505617977528,3208
"177","1996","CA","Canada",0.0628041562541102,3549
"178","1997","CA","Canada",0.0641567187021733,3843
"179","1998","CA","Canada",0.0671887658655144,4938
"180","1999","CA","Canada",0.0715703885789922,5616
"181","2000","CA","Canada",0.074154852780807,5896
"182","2001","CA","Canada",0.0764173900410417,7240
"183","2002","CA","Canada",0.080411939047391,9713
"184","2003","CA","Canada",0.083497314258363,9141
"185","2004","CA","Canada",0.0850056703318377,8572
"186","2005","CA","Canada",0.0862465447957074,8385
"187","2006","CA","Canada",0.0889420905230825,8465
"188","2007","CA","Canada",0.089558157980684,8303
"189","2008","CA","Canada",0.0893435315095491,8897
"190","2009","CA","Canada",0.0884895625893213,8633
"191","2010","CA","Canada",0.0896206848873116,9096
"192","2011","CA","Canada",0.0898298808512492,9525
"193","2012","CA","Canada",0.0816343548050865,9870
"194","2013","CA","Canada",0.0866301358864736,10341
"195","2014","CA","Canada",0.0858334298621568,10434
"196","2015","CA","Canada",0.087894347843,9771
"197","2016","CA","Canada",0.0856712713364393,9406
"198","2017","CA","Canada",0.0861900310849292,8014
"199","2018","CA","Canada",0.085073015220074,5448
"200","2019","CA","Canada",0.0844098277608916,2094
"201","1980","CH","Switzerland",0.0152658662092624,1974
"202","1981","CH","Switzerland",0.014429830162176,2073
"203","1982","CH","Switzerland",0.0135985614744886,1765
"204","1983","CH","Switzerland",0.0129565508768011,1638
"205","1984","CH","Switzerland",0.01468788249694,1537
"206","1985","CH","Switzerland",0.0138966715230304,1910
"207","1986","CH","Switzerland",0.0142709172516975,1839
"208","1987","CH","Switzerland",0.0148475575201179,1899
"209","1988","CH","Switzerland",0.0149171270718232,1865
"210","1989","CH","Switzerland",0.0147012496062165,2010
"211","1990","CH","Switzerland",0.0151196976060479,1911
"212","1991","CH","Switzerland",0.0149422918384171,2019
"213","1992","CH","Switzerland",0.0168562144597888,2043
"214","1993","CH","Switzerland",0.0190399839663293,1996
"215","1994","CH","Switzerland",0.01968901453958,1935
"216","1995","CH","Switzerland",0.0228152373192096,1825
"217","1996","CH","Switzerland",0.0259312615764561,1919
"218","1997","CH","Switzerland",0.0304834239967156,2068
"219","1998","CH","Switzerland",0.0324255485893417,2461
"220","1999","CH","Switzerland",0.0353685778108712,2471
"221","2000","CH","Switzerland",0.0380406461698801,2595
"222","2001","CH","Switzerland",0.0424213910452443,3158
"223","2002","CH","Switzerland",0.0472626472626473,3745
"224","2003","CH","Switzerland",0.0515531192900026,3355
"225","2004","CH","Switzerland",0.0567057811636051,3424
"226","2005","CH","Switzerland",0.0594230539992848,3096
"227","2006","CH","Switzerland",0.0621773954316227,3235
"228","2007","CH","Switzerland",0.0664652567975831,3440
"229","2008","CH","Switzerland",0.0694379115710254,3813
"230","2009","CH","Switzerland",0.0726707359207647,3782
"231","2010","CH","Switzerland",0.0742266937814406,4416
"232","2011","CH","Switzerland",0.0738224637681159,4416
"233","2012","CH","Switzerland",0.0812757667738866,4409
"234","2013","CH","Switzerland",0.089413997198753,4497
"235","2014","CH","Switzerland",0.088639255781298,4801
"236","2015","CH","Switzerland",0.0865585881387236,5161
"237","2016","CH","Switzerland",0.0905837004405286,4780
"238","2017","CH","Switzerland",0.0812134344528711,3955
"239","2018","CH","Switzerland",0.0755643870397969,2297
"240","2019","CH","Switzerland",0.0753466351031451,623
"241","1980","CN","China",0,0
"242","1981","CN","China",0,0
"243","1982","CN","China",0,0
"244","1983","CN","China",0,0
"245","1984","CN","China",0,0
"246","1985","CN","China",0,0
"247","1986","CN","China",0,0
"248","1987","CN","China",0,0
"249","1988","CN","China",0,0
"250","1989","CN","China",0,0
"251","1990","CN","China",0,0
"252","1991","CN","China",0.208459214501511,63
"253","1992","CN","China",0.213450292397661,69
"254","1993","CN","China",0.1875,126
"255","1994","CN","China",0.149144254278729,85
"256","1995","CN","China",0.137931034482759,92
"257","1996","CN","China",0.1375,108
"258","1997","CN","China",0.126159554730983,128
"259","1998","CN","China",0.136125654450262,160
"260","1999","CN","China",0.142053445850914,223
"261","2000","CN","China",0.151982378854626,289
"262","2001","CN","China",0.154503105590062,488
"263","2002","CN","China",0.167051222888786,1007
"264","2003","CN","China",0.160345359235276,1236
"265","2004","CN","China",0.161290322580645,1940
"266","2005","CN","China",0.165526866713189,2494
"267","2006","CN","China",0.164285714285714,2983
"268","2007","CN","China",0.163431151241535,4637
"269","2008","CN","China",0.160647227744643,6054
"270","2009","CN","China",0.163703856465251,8077
"271","2010","CN","China",0.165379067158198,9444
"272","2011","CN","China",0.170200067467629,10325
"273","2012","CN","China",0.170170253507056,14146
"274","2013","CN","China",0.170891478945626,15407
"275","2014","CN","China",0.16834646362396,18841
"276","2015","CN","China",0.166185916858563,23791
"277","2016","CN","China",0.161505397840864,27855
"278","2017","CN","China",0.159075784598185,26807
"279","2018","CN","China",0.159012853645267,20338
"280","2019","CN","China",0.158521541089391,6589
"281","1980","CZ","Czechia",0,0
"282","1981","CZ","Czechia",0,0
"283","1982","CZ","Czechia",0,0
"284","1983","CZ","Czechia",0,0
"285","1984","CZ","Czechia",0,0
"286","1985","CZ","Czechia",0,0
"287","1986","CZ","Czechia",0,0
"288","1987","CZ","Czechia",0,0
"289","1988","CZ","Czechia",0,0
"290","1989","CZ","Czechia",0,0
"291","1990","CZ","Czechia",0,0
"292","1991","CZ","Czechia",0,0
"293","1992","CZ","Czechia",0,0
"294","1993","CZ","Czechia",0,0
"295","1994","CZ","Czechia",0,0
"296","1995","CZ","Czechia",0,0
"297","1996","CZ","Czechia",0,0
"298","1997","CZ","Czechia",0,0
"299","1998","CZ","Czechia",0,0
"300","1999","CZ","Czechia",0,0
"301","2000","CZ","Czechia",0,0
"302","2001","CZ","Czechia",0,0
"303","2002","CZ","Czechia",0.0911680911680912,109
"304","2003","CZ","Czechia",0.0742574257425743,88
"305","2004","CZ","Czechia",0.0824742268041237,138
"306","2005","CZ","Czechia",0.0924528301886792,106
"307","2006","CZ","Czechia",0.0862068965517241,81
"308","2007","CZ","Czechia",0.0888468809073724,116
"309","2008","CZ","Czechia",0.0798611111111111,135
"310","2009","CZ","Czechia",0.0648567119155355,225
"311","2010","CZ","Czechia",0.0486284289276808,245
"312","2011","CZ","Czechia",0.0362737015663644,233
"313","2012","CZ","Czechia",0.045144804088586,242
"314","2013","CZ","Czechia",0.0809338521400778,317
"315","2014","CZ","Czechia",0.0591979630808402,303
"316","2015","CZ","Czechia",0.0416666666666667,372
"317","2016","CZ","Czechia",0.0343237704918033,464
"318","2017","CZ","Czechia",0.0260416666666667,448
"319","2018","CZ","Czechia",0.0347490347490347,280
"320","2019","CZ","Czechia",0.0361305361305361,92
"321","1980","DE","Germany",0.0106488172206587,12012
"322","1981","DE","Germany",0.0104021311683369,13315
"323","1982","DE","Germany",0.0109968637103498,11174
"324","1983","DE","Germany",0.0112480766850008,11136
"325","1984","DE","Germany",0.0111977467110913,10589
"326","1985","DE","Germany",0.0111989018715056,13524
"327","1986","DE","Germany",0.0118493299287371,13496
"328","1987","DE","Germany",0.0121196818583512,14623
"329","1988","DE","Germany",0.0130215293244246,15118
"330","1989","DE","Germany",0.0141948516365026,16505
"331","1990","DE","Germany",0.0159611748059401,15879
"332","1991","DE","Germany",0.0174264459831656,15573
"333","1992","DE","Germany",0.019469094247246,15357
"334","1993","DE","Germany",0.022059465731718,16833
"335","1994","DE","Germany",0.0250361703466063,15843
"336","1995","DE","Germany",0.0272389184842698,15986
"337","1996","DE","Germany",0.0298928092348967,17238
"338","1997","DE","Germany",0.0329376358468484,17834
"339","1998","DE","Germany",0.034920814479638,21499
"340","1999","DE","Germany",0.0363521946614925,22788
"341","2000","DE","Germany",0.0391770146195751,25090
"342","2001","DE","Germany",0.040922688406227,30792
"343","2002","DE","Germany",0.0425110789314743,37254
"344","2003","DE","Germany",0.0452011270307536,34205
"345","2004","DE","Germany",0.04747061861122,33390
"346","2005","DE","Germany",0.0491522948285725,28685
"347","2006","DE","Germany",0.0515402215724537,26865
"348","2007","DE","Germany",0.0534970357314533,26639
"349","2008","DE","Germany",0.0543134990748341,28179
"350","2009","DE","Germany",0.0557262459804195,29261
"351","2010","DE","Germany",0.0570693224416718,32040
"352","2011","DE","Germany",0.0598816230284662,31038
"353","2012","DE","Germany",0.0628989960530847,30486
"354","2013","DE","Germany",0.0647680054272314,30476
"355","2014","DE","Germany",0.0651171322257743,30744
"356","2015","DE","Germany",0.0645215168080992,32693
"357","2016","DE","Germany",0.0614628957577274,29048
"358","2017","DE","Germany",0.0620205247779841,22762
"359","2018","DE","Germany",0.0660334863572325,13293
"360","2019","DE","Germany",0.0660668107265578,3108
"361","1980","DK","Denmark",0.015527950310559,232
"362","1981","DK","Denmark",0.0185185185185185,202
"363","1982","DK","Denmark",0.0200210748155954,204
"364","1983","DK","Denmark",0.0230125523012552,180
"365","1984","DK","Denmark",0.0262390670553936,211
"366","1985","DK","Denmark",0.0269016697588126,281
"367","1986","DK","Denmark",0.0290748898678414,259
"368","1987","DK","Denmark",0.0321782178217822,281
"369","1988","DK","Denmark",0.0373475609756098,280
"370","1989","DK","Denmark",0.0408314773570898,246
"371","1990","DK","Denmark",0.0440060698027314,252
"372","1991","DK","Denmark",0.0482708933717579,329
"373","1992","DK","Denmark",0.0595802301963439,370
"374","1993","DK","Denmark",0.064237183446572,422
"375","1994","DK","Denmark",0.0683908045977012,367
"376","1995","DK","Denmark",0.0804828973843058,500
"377","1996","DK","Denmark",0.096830985915493,613
"378","1997","DK","Denmark",0.101701323251418,743
"379","1998","DK","Denmark",0.11329256517541,884
"380","1999","DK","Denmark",0.114580505023079,943
"381","2000","DK","Denmark",0.117972128784238,979
"382","2001","DK","Denmark",0.117913343392973,1090
"383","2002","DK","Denmark",0.11726632400533,1357
"384","2003","DK","Denmark",0.11402890377159,1305
"385","2004","DK","Denmark",0.113873026536782,1223
"386","2005","DK","Denmark",0.114897119341564,1100
"387","2006","DK","Denmark",0.114564686737185,1160
"388","2007","DK","Denmark",0.114560109758189,1043
"389","2008","DK","Denmark",0.118060315284441,1310
"390","2009","DK","Denmark",0.118380566801619,1562
"391","2010","DK","Denmark",0.111986912552052,1649
"392","2011","DK","Denmark",0.101595809477403,1613
"393","2012","DK","Denmark",0.109793033821302,1472
"394","2013","DK","Denmark",0.086634970945589,1684
"395","2014","DK","Denmark",0.0930841566480181,1665
"396","2015","DK","Denmark",0.104527139132496,1778
"397","2016","DK","Denmark",0.10256111757858,1478
"398","2017","DK","Denmark",0.0915414579855314,1276
"399","2018","DK","Denmark",0.0881443298969072,716
"400","2019","DK","Denmark",0.0866425992779783,165
"401","1980","ES","Spain",0.020066889632107,77
"402","1981","ES","Spain",0.0290697674418605,85
"403","1982","ES","Spain",0.0417827298050139,58
"404","1983","ES","Spain",0.0485714285714286,82
"405","1984","ES","Spain",0.0460358056265985,89
"406","1985","ES","Spain",0.0591016548463357,109
"407","1986","ES","Spain",0.0511727078891258,131
"408","1987","ES","Spain",0.0423076923076923,109
"409","1988","ES","Spain",0.0457516339869281,174
"410","1989","ES","Spain",0.0501392757660167,195
"411","1990","ES","Spain",0.0603337612323492,170
"412","1991","ES","Spain",0.0675203725261933,211
"413","1992","ES","Spain",0.0774869109947644,205
"414","1993","ES","Spain",0.0917073170731707,244
"415","1994","ES","Spain",0.108812949640288,282
"416","1995","ES","Spain",0.116298116298116,279
"417","1996","ES","Spain",0.144806671721001,309
"418","1997","ES","Spain",0.157458563535912,334
"419","1998","ES","Spain",0.16737416616131,445
"420","1999","ES","Spain",0.169821826280624,429
"421","2000","ES","Spain",0.158297465327594,574
"422","2001","ES","Spain",0.139391447368421,650
"423","2002","ES","Spain",0.139589640094181,875
"424","2003","ES","Spain",0.142525399129173,917
"425","2004","ES","Spain",0.145214521452145,923
"426","2005","ES","Spain",0.151500714626012,833
"427","2006","ES","Spain",0.159080564406008,846
"428","2007","ES","Spain",0.166780122532335,888
"429","2008","ES","Spain",0.168432671081678,1040
"430","2009","ES","Spain",0.167934093789607,1127
"431","2010","ES","Spain",0.16615206483983,1281
"432","2011","ES","Spain",0.157577630156033,1349
"433","2012","ES","Spain",0.179652382379383,1278
"434","2013","ES","Spain",0.193468884781269,1380
"435","2014","ES","Spain",0.169063180827887,1365
"436","2015","ES","Spain",0.163367756741251,1512
"437","2016","ES","Spain",0.169431117203564,1247
"438","2017","ES","Spain",0.15721819380356,1080
"439","2018","ES","Spain",0.146228317870109,638
"440","2019","ES","Spain",0.145245819815323,129
"441","1980","FI","Finland",0,0
"442","1981","FI","Finland",0,0
"443","1982","FI","Finland",0.0162822252374491,184
"444","1983","FI","Finland",0.0188902007083825,188
"445","1984","FI","Finland",0.021516393442623,228
"446","1985","FI","Finland",0.0224618149146451,308
"447","1986","FI","Finland",0.0265486725663717,335
"448","1987","FI","Finland",0.0428954423592493,433
"449","1988","FI","Finland",0.0435049019607843,328
"450","1989","FI","Finland",0.0445186421814135,393
"451","1990","FI","Finland",0.0526315789473684,525
"452","1991","FI","Finland",0.0556823368324966,512
"453","1992","FI","Finland",0.053781512605042,622
"454","1993","FI","Finland",0.0591694230062477,669
"455","1994","FI","Finland",0.0646980756469808,686
"456","1995","FI","Finland",0.0737605804111245,819
"457","1996","FI","Finland",0.0735498195947821,807
"458","1997","FI","Finland",0.0793847680476309,1050
"459","1998","FI","Finland",0.0816820783795685,1180
"460","1999","FI","Finland",0.0873337189126663,1331
"461","2000","FI","Finland",0.0824110335433339,1505
"462","2001","FI","Finland",0.0915649278579356,2142
"463","2002","FI","Finland",0.0895306054186643,2811
"464","2003","FI","Finland",0.0875491984256504,2628
"465","2004","FI","Finland",0.0838363514419852,2842
"466","2005","FI","Finland",0.0838006230529595,2417
"467","2006","FI","Finland",0.0810210026061628,2348
"468","2007","FI","Finland",0.0817429764927513,1974
"469","2008","FI","Finland",0.08593419605853,2242
"470","2009","FI","Finland",0.0859753312014618,1964
"471","2010","FI","Finland",0.0859932407059707,2124
"472","2011","FI","Finland",0.0816035040944582,2006
"473","2012","FI","Finland",0.0953387794329649,2381
"474","2013","FI","Finland",0.078614311212072,2802
"475","2014","FI","Finland",0.0789073255561191,2593
"476","2015","FI","Finland",0.0854000758437618,2813
"477","2016","FI","Finland",0.0863003663003663,2398
"478","2017","FI","Finland",0.087063799788509,1756
"479","2018","FI","Finland",0.0825094592945197,1169
"480","2019","FI","Finland",0.0812016656751933,287
"481","1980","FR","France",0.0449015923251904,3742
"482","1981","FR","France",0.0462071893574866,4103
"483","1982","FR","France",0.0480474966336149,3314
"484","1983","FR","France",0.0498388581952118,3617
"485","1984","FR","France",0.0511248563139745,3493
"486","1985","FR","France",0.052471279722148,4188
"487","1986","FR","France",0.0553695733035762,4207
"488","1987","FR","France",0.0560591953741363,4902
"489","1988","FR","France",0.0578619256522743,4865
"490","1989","FR","France",0.0621599966263231,5551
"491","1990","FR","France",0.0658395037022213,5460
"492","1991","FR","France",0.0704629559700929,5704
"493","1992","FR","France",0.0765920198409804,5838
"494","1993","FR","France",0.0824152837818993,6131
"495","1994","FR","France",0.0883926414247748,5840
"496","1995","FR","France",0.0961869121068069,6148
"497","1996","FR","France",0.101483995474812,6097
"498","1997","FR","France",0.108210180623974,6234
"499","1998","FR","France",0.114293853263278,7275
"500","1999","FR","France",0.118049898935047,7393
"501","2000","FR","France",0.1219227926545,8179
"502","2001","FR","France",0.125801011804384,9464
"503","2002","FR","France",0.125924394837169,11231
"504","2003","FR","France",0.126819082063205,10185
"505","2004","FR","France",0.128730097715916,10370
"506","2005","FR","France",0.129646436745324,9434
"507","2006","FR","France",0.129691115806419,8475
"508","2007","FR","France",0.131112475910121,8755
"509","2008","FR","France",0.131693229222377,9711
"510","2009","FR","France",0.132283667806672,10116
"511","2010","FR","France",0.135033881302844,11790
"512","2011","FR","France",0.14387789904502,11480
"513","2012","FR","France",0.136495337770207,11027
"514","2013","FR","France",0.133595706618962,11792
"515","2014","FR","France",0.13197218774969,11655
"516","2015","FR","France",0.13541966874057,12367
"517","2016","FR","France",0.131022210505503,11224
"518","2017","FR","France",0.123939828881391,8751
"519","2018","FR","France",0.122783564960779,4643
"520","2019","FR","France",0.121551454488583,1074
"521","1980","GB","United Kingdom",0.0240291262135922,3674
"522","1981","GB","United Kingdom",0.0242860731931999,3786
"523","1982","GB","United Kingdom",0.0234999009835633,3320
"524","1983","GB","United Kingdom",0.0235480722303563,2994
"525","1984","GB","United Kingdom",0.023517564125348,3107
"526","1985","GB","United Kingdom",0.0234215291162899,3914
"527","1986","GB","United Kingdom",0.0235759867643583,3589
"528","1987","GB","United Kingdom",0.0243985089800068,4102
"529","1988","GB","United Kingdom",0.0282197376908192,3892
"530","1989","GB","United Kingdom",0.0312468753124688,4505
"531","1990","GB","United Kingdom",0.0338029547011056,4354
"532","1991","GB","United Kingdom",0.0362187440351212,4103
"533","1992","GB","United Kingdom",0.0396987067127765,4255
"534","1993","GB","United Kingdom",0.0412770809578107,4708
"535","1994","GB","United Kingdom",0.0440935566072079,4556
"536","1995","GB","United Kingdom",0.0486278716367212,4752
"537","1996","GB","United Kingdom",0.05322177175882,4915
"538","1997","GB","United Kingdom",0.0586999505684627,5345
"539","1998","GB","United Kingdom",0.0635847028106282,6476
"540","1999","GB","United Kingdom",0.0687359037697347,6445
"541","2000","GB","United Kingdom",0.0716370390023879,6971
"542","2001","GB","United Kingdom",0.0723439683625227,8394
"543","2002","GB","United Kingdom",0.0737723814646892,10753
"544","2003","GB","United Kingdom",0.0746808560293122,10286
"545","2004","GB","United Kingdom",0.0757484255025451,9960
"546","2005","GB","United Kingdom",0.0754296891256399,8665
"547","2006","GB","United Kingdom",0.0767329325261328,8073
"548","2007","GB","United Kingdom",0.0769438323514863,7490
"549","2008","GB","United Kingdom",0.0779153156138316,8063
"550","2009","GB","United Kingdom",0.0765951262051257,8991
"551","2010","GB","United Kingdom",0.076753821305681,10104
"552","2011","GB","United Kingdom",0.0738504412447747,9103
"553","2012","GB","United Kingdom",0.0719676373996825,9567
"554","2013","GB","United Kingdom",0.071406478751263,10229
"555","2014","GB","United Kingdom",0.0731044991892473,10271
"556","2015","GB","United Kingdom",0.0763372126911345,10385
"557","2016","GB","United Kingdom",0.0759858433094165,10167
"558","2017","GB","United Kingdom",0.0778045217963752,7941
"559","2018","GB","United Kingdom",0.0785098862255606,4448
"560","2019","GB","United Kingdom",0.0783458443227159,1303
"561","1980","GR","Greece",0,0
"562","1981","GR","Greece",0,0
"563","1982","GR","Greece",0,0
"564","1983","GR","Greece",0,0
"565","1984","GR","Greece",0,0
"566","1985","GR","Greece",0,0
"567","1986","GR","Greece",0,0
"568","1987","GR","Greece",0,0
"569","1988","GR","Greece",0,0
"570","1989","GR","Greece",0,0
"571","1990","GR","Greece",0,0
"572","1991","GR","Greece",0,0
"573","1992","GR","Greece",0,0
"574","1993","GR","Greece",0,0
"575","1994","GR","Greece",0,0
"576","1995","GR","Greece",0,0
"577","1996","GR","Greece",0,0
"578","1997","GR","Greece",0,0
"579","1998","GR","Greece",0,0
"580","1999","GR","Greece",0,0
"581","2000","GR","Greece",0,0
"582","2001","GR","Greece",0,0
"583","2002","GR","Greece",0.0969387755102041,44
"584","2003","GR","Greece",0.131221719457014,60
"585","2004","GR","Greece",0.162995594713656,58
"586","2005","GR","Greece",0.167330677290837,58
"587","2006","GR","Greece",0.166666666666667,68
"588","2007","GR","Greece",0.15210355987055,65
"589","2008","GR","Greece",0.141592920353982,90
"590","2009","GR","Greece",0.113350125944584,116
"591","2010","GR","Greece",0.103926096997691,94
"592","2011","GR","Greece",0.102459016393443,112
"593","2012","GR","Greece",0.116412213740458,76
"594","2013","GR","Greece",0.0676328502415459,110
"595","2014","GR","Greece",0.0719557195571956,102
"596","2015","GR","Greece",0.0760869565217391,144
"597","2016","GR","Greece",0.0959885386819484,122
"598","2017","GR","Greece",0.0851788756388416,99
"599","2018","GR","Greece",0.062111801242236,87
"600","2019","GR","Greece",0,0
"601","1980","HK","Hong Kong SAR China",0,0
"602","1981","HK","Hong Kong SAR China",0,0
"603","1982","HK","Hong Kong SAR China",0,0
"604","1983","HK","Hong Kong SAR China",0,0
"605","1984","HK","Hong Kong SAR China",0,0
"606","1985","HK","Hong Kong SAR China",0,0
"607","1986","HK","Hong Kong SAR China",0,0
"608","1987","HK","Hong Kong SAR China",0,0
"609","1988","HK","Hong Kong SAR China",0,0
"610","1989","HK","Hong Kong SAR China",0.181818181818182,53
"611","1990","HK","Hong Kong SAR China",0.175438596491228,55
"612","1991","HK","Hong Kong SAR China",0.158301158301158,66
"613","1992","HK","Hong Kong SAR China",0.133105802047782,71
"614","1993","HK","Hong Kong SAR China",0.115015974440895,68
"615","1994","HK","Hong Kong SAR China",0.108761329305136,71
"616","1995","HK","Hong Kong SAR China",0.12401055408971,103
"617","1996","HK","Hong Kong SAR China",0.139211136890951,118
"618","1997","HK","Hong Kong SAR China",0.156862745098039,99
"619","1998","HK","Hong Kong SAR China",0.163793103448276,189
"620","1999","HK","Hong Kong SAR China",0.162123385939742,188
"621","2000","HK","Hong Kong SAR China",0.185372005044136,199
"622","2001","HK","Hong Kong SAR China",0.167161226508408,336
"623","2002","HK","Hong Kong SAR China",0.169718309859155,508
"624","2003","HK","Hong Kong SAR China",0.173317450863609,448
"625","2004","HK","Hong Kong SAR China",0.192287917737789,454
"626","2005","HK","Hong Kong SAR China",0.196728971962617,394
"627","2006","HK","Hong Kong SAR China",0.20416478044364,405
"628","2007","HK","Hong Kong SAR China",0.206742687159147,316
"629","2008","HK","Hong Kong SAR China",0.204155844155844,356
"630","2009","HK","Hong Kong SAR China",0.199237887860642,366
"631","2010","HK","Hong Kong SAR China",0.193866374589266,383
"632","2011","HK","Hong Kong SAR China",0.208470847084708,397
"633","2012","HK","Hong Kong SAR China",0.223421478683216,351
"634","2013","HK","Hong Kong SAR China",0.236382322713258,449
"635","2014","HK","Hong Kong SAR China",0.230917874396135,490
"636","2015","HK","Hong Kong SAR China",0.233333333333333,533
"637","2016","HK","Hong Kong SAR China",0.233376233376233,508
"638","2017","HK","Hong Kong SAR China",0.225597407857432,489
"639","2018","HK","Hong Kong SAR China",0.22339527027027,348
"640","2019","HK","Hong Kong SAR China",0.220964566929134,154
"641","1980","HU","Hungary",0.182481751824818,205
"642","1981","HU","Hungary",0.15832482124617,329
"643","1982","HU","Hungary",0.163723916532905,373
"644","1983","HU","Hungary",0.14868804664723,306
"645","1984","HU","Hungary",0.149122807017544,269
"646","1985","HU","Hungary",0.14971572962729,306
"647","1986","HU","Hungary",0.163383545770568,472
"648","1987","HU","Hungary",0.161830357142857,439
"649","1988","HU","Hungary",0.169105691056911,359
"650","1989","HU","Hungary",0.18220742150333,526
"651","1990","HU","Hungary",0.192647743136342,353
"652","1991","HU","Hungary",0.200809307030855,300
"653","1992","HU","Hungary",0.217391304347826,348
"654","1993","HU","Hungary",0.228587319243604,271
"655","1994","HU","Hungary",0.246744345442084,187
"656","1995","HU","Hungary",0.269679300291545,266
"657","1996","HU","Hungary",0.286178861788618,158
"658","1997","HU","Hungary",0.282818532818533,154
"659","1998","HU","Hungary",0.289555325749741,202
"660","1999","HU","Hungary",0.264091858037578,178
"661","2000","HU","Hungary",0.225382932166302,222
"662","2001","HU","Hungary",0.21047227926078,218
"663","2002","HU","Hungary",0.204365079365079,188
"664","2003","HU","Hungary",0.179290508149569,237
"665","2004","HU","Hungary",0.164522058823529,223
"666","2005","HU","Hungary",0.15736505032022,227
"667","2006","HU","Hungary",0.152462121212121,181
"668","2007","HU","Hungary",0.14461247637051,190
"669","2008","HU","Hungary",0.134786917740337,188
"670","2009","HU","Hungary",0.135437881873727,196
"671","2010","HU","Hungary",0.10952380952381,295
"672","2011","HU","Hungary",0.0596205962059621,296
"673","2012","HU","Hungary",0.0400543109300747,289
"674","2013","HU","Hungary",0.0508250825082508,359
"675","2014","HU","Hungary",0.0871559633027523,308
"676","2015","HU","Hungary",0.0611464968152866,338
"677","2016","HU","Hungary",0.0501269035532995,224
"678","2017","HU","Hungary",0.073490813648294,247
"679","2018","HU","Hungary",0.0930232558139535,130
"680","2019","HU","Hungary",0.0916114790286976,35
"681","1980","IE","Ireland",0,0
"682","1981","IE","Ireland",0,0
"683","1982","IE","Ireland",0,0
"684","1983","IE","Ireland",0,0
"685","1984","IE","Ireland",0,0
"686","1985","IE","Ireland",0,0
"687","1986","IE","Ireland",0,0
"688","1987","IE","Ireland",0.0158102766798419,69
"689","1988","IE","Ireland",0.0282685512367491,64
"690","1989","IE","Ireland",0.031055900621118,76
"691","1990","IE","Ireland",0.0381471389645777,87
"692","1991","IE","Ireland",0.0544041450777202,90
"693","1992","IE","Ireland",0.058252427184466,95
"694","1993","IE","Ireland",0.0547619047619048,72
"695","1994","IE","Ireland",0.0640176600441501,109
"696","1995","IE","Ireland",0.0707070707070707,129
"697","1996","IE","Ireland",0.0611111111111111,135
"698","1997","IE","Ireland",0.0516934046345811,116
"699","1998","IE","Ireland",0.0525525525525526,177
"700","1999","IE","Ireland",0.0634715025906736,215
"701","2000","IE","Ireland",0.0663615560640732,231
"702","2001","IE","Ireland",0.0794223826714801,369
"703","2002","IE","Ireland",0.0896921017402945,502
"704","2003","IE","Ireland",0.0872844827586207,539
"705","2004","IE","Ireland",0.084348641049672,493
"706","2005","IE","Ireland",0.0821175489787411,496
"707","2006","IE","Ireland",0.0737833594976452,518
"708","2007","IE","Ireland",0.063754427390791,495
"709","2008","IE","Ireland",0.0573738929534078,595
"710","2009","IE","Ireland",0.0528440366972477,621
"711","2010","IE","Ireland",0.0548172757475083,781
"712","2011","IE","Ireland",0.0705762883980706,815
"713","2012","IE","Ireland",0.0702664465927847,981
"714","2013","IE","Ireland",0.0925,876
"715","2014","IE","Ireland",0.0629110039456379,1058
"716","2015","IE","Ireland",0.0742889221556886,1112
"717","2016","IE","Ireland",0.0713648528099911,1157
"718","2017","IE","Ireland",0.0639441160666308,955
"719","2018","IE","Ireland",0.0566756272401434,644
"720","2019","IE","Ireland",0.0542408933794204,252
"721","1980","IL","Israel",0.069672131147541,150
"722","1981","IL","Israel",0.0654952076677316,198
"723","1982","IL","Israel",0.0589005235602094,178
"724","1983","IL","Israel",0.0573870573870574,182
"725","1984","IL","Israel",0.0533188248095756,211
"726","1985","IL","Israel",0.0478048780487805,256
"727","1986","IL","Israel",0.0482695810564663,271
"728","1987","IL","Israel",0.0542215336948102,371
"729","1988","IL","Israel",0.0544720914593141,378
"730","1989","IL","Israel",0.0589903573454339,487
"731","1990","IL","Israel",0.0658227848101266,468
"732","1991","IL","Israel",0.0692582663092046,534
"733","1992","IL","Israel",0.0742857142857143,583
"734","1993","IL","Israel",0.0758416574176841,631
"735","1994","IL","Israel",0.0776561948464525,617
"736","1995","IL","Israel",0.0777385159010601,748
"737","1996","IL","Israel",0.0748694138131167,867
"738","1997","IL","Israel",0.0795306388526728,972
"739","1998","IL","Israel",0.0827464788732394,1340
"740","1999","IL","Israel",0.0844477010441473,1532
"741","2000","IL","Israel",0.0885749012458219,1871
"742","2001","IL","Israel",0.0920904660752218,2288
"743","2002","IL","Israel",0.0942524309232695,3356
"744","2003","IL","Israel",0.0972781446287647,3371
"745","2004","IL","Israel",0.102659987299795,3287
"746","2005","IL","Israel",0.105580693815988,2947
"747","2006","IL","Israel",0.110270137222325,3290
"748","2007","IL","Israel",0.113341131564366,3348
"749","2008","IL","Israel",0.114542493515894,3707
"750","2009","IL","Israel",0.111775635814656,3930
"751","2010","IL","Israel",0.110431751139716,4370
"752","2011","IL","Israel",0.107734934195336,4175
"753","2012","IL","Israel",0.106439519764628,4373
"754","2013","IL","Israel",0.0973423843116376,5047
"755","2014","IL","Israel",0.102685259882448,5843
"756","2015","IL","Israel",0.0925266903914591,5571
"757","2016","IL","Israel",0.0964072287421701,5494
"758","2017","IL","Israel",0.0995063365753021,5168
"759","2018","IL","Israel",0.0886917960088692,3682
"760","2019","IL","Israel",0.08757075814021,1483
"761","1980","IN","India",0,0
"762","1981","IN","India",0,0
"763","1982","IN","India",0,0
"764","1983","IN","India",0,0
"765","1984","IN","India",0,0
"766","1985","IN","India",0,0
"767","1986","IN","India",0,0
"768","1987","IN","India",0,0
"769","1988","IN","India",0,0
"770","1989","IN","India",0,0
"771","1990","IN","India",0,0
"772","1991","IN","India",0,0
"773","1992","IN","India",0,0
"774","1993","IN","India",0.106060606060606,95
"775","1994","IN","India",0.0980392156862745,60
"776","1995","IN","India",0.103723404255319,72
"777","1996","IN","India",0.0872641509433962,96
"778","1997","IN","India",0.0753424657534247,115
"779","1998","IN","India",0.0705009276437848,196
"780","1999","IN","India",0.0769230769230769,249
"781","2000","IN","India",0.0848880597014925,416
"782","2001","IN","India",0.0838206627680312,563
"783","2002","IN","India",0.0968928863450532,1022
"784","2003","IN","India",0.100082941664363,1367
"785","2004","IN","India",0.0988805970149254,1456
"786","2005","IN","India",0.0945132151221144,1570
"787","2006","IN","India",0.0981949458483754,1510
"788","2007","IN","India",0.0937095521615325,1823
"789","2008","IN","India",0.0940778736302168,2219
"790","2009","IN","India",0.0910880829015544,2528
"791","2010","IN","India",0.0923737916219119,3092
"792","2011","IN","India",0.091102985984156,3466
"793","2012","IN","India",0.0903760356915233,4385
"794","2013","IN","India",0.0877766464819677,5190
"795","2014","IN","India",0.0879627516318985,5774
"796","2015","IN","India",0.0856905158069883,6427
"797","2016","IN","India",0.0846183432987167,6823
"798","2017","IN","India",0.0835199578448162,6150
"799","2018","IN","India",0.0834153459802491,4293
"800","2019","IN","India",0.0814380617428683,1897
"801","1980","IT","Italy",0.0285536933581626,1103
"802","1981","IT","Italy",0.0266461131909271,1357
"803","1982","IT","Italy",0.0268556508765386,1201
"804","1983","IT","Italy",0.027906976744186,1104
"805","1984","IT","Italy",0.0289929662034654,1064
"806","1985","IT","Italy",0.029140127388535,1554
"807","1986","IT","Italy",0.0305782621858916,1683
"808","1987","IT","Italy",0.0334796926454446,1883
"809","1988","IT","Italy",0.0381612090680101,1756
"810","1989","IT","Italy",0.0431407341687923,2141
"811","1990","IT","Italy",0.0464825429911412,2132
"812","1991","IT","Italy",0.0545508158049931,2262
"813","1992","IT","Italy",0.0591254752851711,2229
"814","1993","IT","Italy",0.0633212805362025,2575
"815","1994","IT","Italy",0.069500087092841,2284
"816","1995","IT","Italy",0.0757667912068816,2159
"817","1996","IT","Italy",0.078920041536864,2309
"818","1997","IT","Italy",0.0811437403400309,2319
"819","1998","IT","Italy",0.0826584286549219,2906
"820","1999","IT","Italy",0.08309364014062,2823
"821","2000","IT","Italy",0.0854801801136783,3190
"822","2001","IT","Italy",0.086797385620915,4062
"823","2002","IT","Italy",0.0878971512714504,4676
"824","2003","IT","Italy",0.0909434573635038,3766
"825","2004","IT","Italy",0.0959055513690028,4211
"826","2005","IT","Italy",0.097574097623007,3731
"827","2006","IT","Italy",0.0993117998693927,3523
"828","2007","IT","Italy",0.106213602607255,3486
"829","2008","IT","Italy",0.10864064602961,3624
"830","2009","IT","Italy",0.108272239851187,3914
"831","2010","IT","Italy",0.112953477319533,4390
"832","2011","IT","Italy",0.116666666666667,4086
"833","2012","IT","Italy",0.119331274206991,4053
"834","2013","IT","Italy",0.117766595703503,4456
"835","2014","IT","Italy",0.116958010452334,4372
"836","2015","IT","Italy",0.114808126410835,4662
"837","2016","IT","Italy",0.109555370232191,4135
"838","2017","IT","Italy",0.107856191744341,3737
"839","2018","IT","Italy",0.0993749276536636,2330
"840","2019","IT","Italy",0.0982035928143713,654
"841","1980","JP","Japan",0.0248796147672552,15425
"842","1981","JP","Japan",0.02490773125157,19568
"843","1982","JP","Japan",0.0253065186052155,18735
"844","1983","JP","Japan",0.0256834334064406,19783
"845","1984","JP","Japan",0.0260829758013861,20420
"846","1985","JP","Japan",0.0274873413559545,27943
"847","1986","JP","Japan",0.0291015070883878,29436
"848","1987","JP","Japan",0.0305379818508508,34876
"849","1988","JP","Japan",0.0308920466825157,35389
"850","1989","JP","Japan",0.0314363363485174,44927
"851","1990","JP","Japan",0.0322996596698163,44600
"852","1991","JP","Japan",0.0331286329490373,47340
"853","1992","JP","Japan",0.0339745089920611,49940
"854","1993","JP","Japan",0.0352452892836391,54133
"855","1994","JP","Japan",0.0370027153129894,51104
"856","1995","JP","Japan",0.038434892017583,48635
"857","1996","JP","Japan",0.0401761448231856,50070
"858","1997","JP","Japan",0.0421046436348655,50923
"859","1998","JP","Japan",0.0435485629839095,65201
"860","1999","JP","Japan",0.0443319555031351,64112
"861","2000","JP","Japan",0.044250445440311,66030
"862","2001","JP","Japan",0.0436339219216402,94776
"863","2002","JP","Japan",0.0430141726060536,124907
"864","2003","JP","Japan",0.043260296277942,102183
"865","2004","JP","Japan",0.0435125975520018,94539
"866","2005","JP","Japan",0.0442039195083899,86107
"867","2006","JP","Japan",0.0454804248676115,82299
"868","2007","JP","Japan",0.0469711584944945,79613
"869","2008","JP","Japan",0.0479976786058316,77879
"870","2009","JP","Japan",0.0488811873367974,91911
"871","2010","JP","Japan",0.0500649730825801,88472
"872","2011","JP","Japan",0.0505615833118624,81297
"873","2012","JP","Japan",0.0519898519444129,82985
"874","2013","JP","Japan",0.0532529503503177,84945
"875","2014","JP","Japan",0.0548481646923585,81604
"876","2015","JP","Japan",0.0563298407792318,92355
"877","2016","JP","Japan",0.0586304184040779,83320
"878","2017","JP","Japan",0.058266020203578,72661
"879","2018","JP","Japan",0.0569714321925029,45871
"880","2019","JP","Japan",0.0567060140429429,11302
"881","1980","KR","South Korea",0,0
"882","1981","KR","South Korea",0,0
"883","1982","KR","South Korea",0,0
"884","1983","KR","South Korea",0,0
"885","1984","KR","South Korea",0,0
"886","1985","KR","South Korea",0,0
"887","1986","KR","South Korea",0,0
"888","1987","KR","South Korea",0,0
"889","1988","KR","South Korea",0.211594202898551,123
"890","1989","KR","South Korea",0.208984375,198
"891","1990","KR","South Korea",0.199730094466937,274
"892","1991","KR","South Korea",0.201203783319003,478
"893","1992","KR","South Korea",0.197452229299363,654
"894","1993","KR","South Korea",0.189674952198853,1011
"895","1994","KR","South Korea",0.185448577680525,1239
"896","1995","KR","South Korea",0.187312986235787,1631
"897","1996","KR","South Korea",0.189582071471835,2069
"898","1997","KR","South Korea",0.187594028468927,2691
"899","1998","KR","South Korea",0.186957234147141,4576
"900","1999","KR","South Korea",0.187609293030227,5045
"901","2000","KR","South Korea",0.188153486955639,5321
"902","2001","KR","South Korea",0.188318820114537,7861
"903","2002","KR","South Korea",0.190057218436413,11976
"904","2003","KR","South Korea",0.191037626156923,12799
"905","2004","KR","South Korea",0.194855936597289,16047
"906","2005","KR","South Korea",0.197251845168543,18926
"907","2006","KR","South Korea",0.198477144831671,21284
"908","2007","KR","South Korea",0.200540528759181,22706
"909","2008","KR","South Korea",0.203683138103194,24590
"910","2009","KR","South Korea",0.205182821738861,25637
"911","2010","KR","South Korea",0.206562363486336,29397
"912","2011","KR","South Korea",0.208798309260032,30986
"913","2012","KR","South Korea",0.206178403511962,30044
"914","2013","KR","South Korea",0.202171158343022,32922
"915","2014","KR","South Korea",0.206448023426061,39062
"916","2015","KR","South Korea",0.207748562944534,43118
"917","2016","KR","South Korea",0.202315110752897,43414
"918","2017","KR","South Korea",0.19801815106834,36249
"919","2018","KR","South Korea",0.196412432590961,22081
"920","2019","KR","South Korea",0.195323648871162,5817
"921","1980","LU","Luxembourg",0,0
"922","1981","LU","Luxembourg",0,0
"923","1982","LU","Luxembourg",0,0
"924","1983","LU","Luxembourg",0,0
"925","1984","LU","Luxembourg",0,54
"926","1985","LU","Luxembourg",0,52
"927","1986","LU","Luxembourg",0.00384615384615385,60
"928","1987","LU","Luxembourg",0.00377358490566038,52
"929","1988","LU","Luxembourg",0.0037037037037037,52
"930","1989","LU","Luxembourg",0.00366300366300366,57
"931","1990","LU","Luxembourg",0.0034965034965035,65
"932","1991","LU","Luxembourg",0,56
"933","1992","LU","Luxembourg",0,54
"934","1993","LU","Luxembourg",0.0103092783505155,59
"935","1994","LU","Luxembourg",0.0103448275862069,56
"936","1995","LU","Luxembourg",0.0110294117647059,47
"937","1996","LU","Luxembourg",0.0146520146520147,57
"938","1997","LU","Luxembourg",0.037037037037037,51
"939","1998","LU","Luxembourg",0.0402930402930403,62
"940","1999","LU","Luxembourg",0.0402930402930403,56
"941","2000","LU","Luxembourg",0.0393939393939394,104
"942","2001","LU","Luxembourg",0.0333333333333333,87
"943","2002","LU","Luxembourg",0.020501138952164,130
"944","2003","LU","Luxembourg",0.0281124497991968,121
"945","2004","LU","Luxembourg",0.037037037037037,125
"946","2005","LU","Luxembourg",0.0415162454873646,91
"947","2006","LU","Luxembourg",0.0515097690941385,96
"948","2007","LU","Luxembourg",0.0603112840466926,81
"949","2008","LU","Luxembourg",0.0673267326732673,112
"950","2009","LU","Luxembourg",0.0647321428571429,68
"951","2010","LU","Luxembourg",0.0719101123595506,88
"952","2011","LU","Luxembourg",0.0662251655629139,104
"953","2012","LU","Luxembourg",0.0723404255319149,98
"954","2013","LU","Luxembourg",0.0764818355640535,131
"955","2014","LU","Luxembourg",0.0355987055016181,94
"956","2015","LU","Luxembourg",0.0721649484536082,109
"957","2016","LU","Luxembourg",0.0998080614203455,85
"958","2017","LU","Luxembourg",0.0843091334894614,87
"959","2018","LU","Luxembourg",0.0512820512820513,42
"960","2019","LU","Luxembourg",0,0
"961","1980","MX","Mexico",0,0
"962","1981","MX","Mexico",0.0337552742616034,52
"963","1982","MX","Mexico",0.0221238938053097,38
"964","1983","MX","Mexico",0.0228310502283105,41
"965","1984","MX","Mexico",0.0227272727272727,39
"966","1985","MX","Mexico",0.0240384615384615,38
"967","1986","MX","Mexico",0.0198019801980198,46
"968","1987","MX","Mexico",0.0186915887850467,50
"969","1988","MX","Mexico",0.0135135135135135,49
"970","1989","MX","Mexico",0.0263157894736842,45
"971","1990","MX","Mexico",0.0303030303030303,41
"972","1991","MX","Mexico",0.0458715596330275,33
"973","1992","MX","Mexico",0.0610328638497653,45
"974","1993","MX","Mexico",0.0601851851851852,52
"975","1994","MX","Mexico",0.0446428571428571,53
"976","1995","MX","Mexico",0.0425531914893617,52
"977","1996","MX","Mexico",0.0531914893617021,80
"978","1997","MX","Mexico",0.0485436893203883,72
"979","1998","MX","Mexico",0.0616621983914209,116
"980","1999","MX","Mexico",0.073394495412844,116
"981","2000","MX","Mexico",0.0692464358452139,107
"982","2001","MX","Mexico",0.0606617647058824,133
"983","2002","MX","Mexico",0.0752532561505065,219
"984","2003","MX","Mexico",0.0740740740740741,181
"985","2004","MX","Mexico",0.063030303030303,185
"986","2005","MX","Mexico",0.069204152249135,149
"987","2006","MX","Mexico",0.0745920745920746,124
"988","2007","MX","Mexico",0.0714285714285714,131
"989","2008","MX","Mexico",0.0785340314136126,175
"990","2009","MX","Mexico",0.104336043360434,159
"991","2010","MX","Mexico",0.110565110565111,225
"992","2011","MX","Mexico",0.111824014665445,191
"993","2012","MX","Mexico",0.115631691648822,170
"994","2013","MX","Mexico",0.113785557986871,234
"995","2014","MX","Mexico",0.103075644222776,267
"996","2015","MX","Mexico",0.100587371512482,294
"997","2016","MX","Mexico",0.094188376753507,321
"998","2017","MX","Mexico",0.119018404907975,346
"999","2018","MX","Mexico",0.089975845410628,272
"1000","2019","MX","Mexico",0.092436974789916,118
"1001","1980","NL","Netherlands",0.0211171662125341,1000
"1002","1981","NL","Netherlands",0.019915359721185,1116
"1003","1982","NL","Netherlands",0.0190374331550802,1029
"1004","1983","NL","Netherlands",0.0192193382207252,1129
"1005","1984","NL","Netherlands",0.0183122522182367,1023
"1006","1985","NL","Netherlands",0.0152091254752852,1226
"1007","1986","NL","Netherlands",0.0149096649710577,1294
"1008","1987","NL","Netherlands",0.0155629139072848,1368
"1009","1988","NL","Netherlands",0.0166286273231171,1223
"1010","1989","NL","Netherlands",0.0183390487550321,1596
"1011","1990","NL","Netherlands",0.0226302305721605,1545
"1012","1991","NL","Netherlands",0.0255095154541774,1677
"1013","1992","NL","Netherlands",0.0286016949152542,1511
"1014","1993","NL","Netherlands",0.0336604148552975,1722
"1015","1994","NL","Netherlands",0.0375911957462594,1632
"1016","1995","NL","Netherlands",0.0395804719690348,1467
"1017","1996","NL","Netherlands",0.0421522439871064,1734
"1018","1997","NL","Netherlands",0.046152044043575,1982
"1019","1998","NL","Netherlands",0.046326222796811,2467
"1020","1999","NL","Netherlands",0.0485503685503686,2525
"1021","2000","NL","Netherlands",0.0505657708628006,2604
"1022","2001","NL","Netherlands",0.053535970673591,3516
"1023","2002","NL","Netherlands",0.0532939514575575,4462
"1024","2003","NL","Netherlands",0.053612769586938,3307
"1025","2004","NL","Netherlands",0.0528573084502144,3365
"1026","2005","NL","Netherlands",0.0513814832767814,3917
"1027","2006","NL","Netherlands",0.0496461228496151,4306
"1028","2007","NL","Netherlands",0.049083382613838,3706
"1029","2008","NL","Netherlands",0.0492291880781089,4166
"1030","2009","NL","Netherlands",0.0511324300267036,4127
"1031","2010","NL","Netherlands",0.0547984370532736,4681
"1032","2011","NL","Netherlands",0.0643729658903588,4935
"1033","2012","NL","Netherlands",0.0666530026644804,4655
"1034","2013","NL","Netherlands",0.0753684582119848,4042
"1035","2014","NL","Netherlands",0.0751923638842895,4366
"1036","2015","NL","Netherlands",0.0722232111071556,5008
"1037","2016","NL","Netherlands",0.0746568194589387,4882
"1038","2017","NL","Netherlands",0.0724427578561378,3925
"1039","2018","NL","Netherlands",0.06567081604426,2375
"1040","2019","NL","Netherlands",0.0661784466541252,734
"1041","1980","NO","Norway",0.0134408602150538,99
"1042","1981","NO","Norway",0.0131578947368421,122
"1043","1982","NO","Norway",0.0118811881188119,93
"1044","1983","NO","Norway",0.0141987829614604,82
"1045","1984","NO","Norway",0.00835073068893528,83
"1046","1985","NO","Norway",0.011605415860735,137
"1047","1986","NO","Norway",0.00992063492063492,109
"1048","1987","NO","Norway",0.0136286201022147,176
"1049","1988","NO","Norway",0.013595166163142,157
"1050","1989","NO","Norway",0.0175675675675676,161
"1051","1990","NO","Norway",0.0158102766798419,156
"1052","1991","NO","Norway",0.0204572803850782,181
"1053","1992","NO","Norway",0.024390243902439,165
"1054","1993","NO","Norway",0.0323699421965318,202
"1055","1994","NO","Norway",0.0255623721881391,274
"1056","1995","NO","Norway",0.0264150943396226,238
"1057","1996","NO","Norway",0.0291519434628975,253
"1058","1997","NO","Norway",0.0343137254901961,257
"1059","1998","NO","Norway",0.0392441860465116,354
"1060","1999","NO","Norway",0.0506072874493927,380
"1061","2000","NO","Norway",0.0619158878504673,468
"1062","2001","NO","Norway",0.0658163265306122,501
"1063","2002","NO","Norway",0.0671140939597315,681
"1064","2003","NO","Norway",0.0645976181883796,741
"1065","2004","NO","Norway",0.0675064599483204,705
"1066","2005","NO","Norway",0.0666264697015375,689
"1067","2006","NO","Norway",0.0617782909930716,648
"1068","2007","NO","Norway",0.0568351779838468,560
"1069","2008","NO","Norway",0.0605421686746988,718
"1070","2009","NO","Norway",0.0568934376881397,707
"1071","2010","NO","Norway",0.0608946608946609,832
"1072","2011","NO","Norway",0.0667981961668546,731
"1073","2012","NO","Norway",0.0698839662447257,804
"1074","2013","NO","Norway",0.0680721361442723,863
"1075","2014","NO","Norway",0.0597701149425287,898
"1076","2015","NO","Norway",0.0477777777777778,908
"1077","2016","NO","Norway",0.0595831445400997,782
"1078","2017","NO","Norway",0.0577540106951872,612
"1079","2018","NO","Norway",0.068705035971223,332
"1080","2019","NO","Norway",0.0656028368794326,88
"1081","1980","NZ","New Zealand",0,0
"1082","1981","NZ","New Zealand",0,0
"1083","1982","NZ","New Zealand",0.0347490347490347,51
"1084","1983","NZ","New Zealand",0.039426523297491,60
"1085","1984","NZ","New Zealand",0.0384615384615385,66
"1086","1985","NZ","New Zealand",0.0379310344827586,48
"1087","1986","NZ","New Zealand",0.0472972972972973,71
"1088","1987","NZ","New Zealand",0.0564263322884013,74
"1089","1988","NZ","New Zealand",0.0557275541795666,64
"1090","1989","NZ","New Zealand",0.060126582278481,59
"1091","1990","NZ","New Zealand",0.0660660660660661,65
"1092","1991","NZ","New Zealand",0.0645161290322581,48
"1093","1992","NZ","New Zealand",0.0562913907284768,66
"1094","1993","NZ","New Zealand",0.0576923076923077,74
"1095","1994","NZ","New Zealand",0.071875,67
"1096","1995","NZ","New Zealand",0.0575757575757576,75
"1097","1996","NZ","New Zealand",0.0616966580976864,107
"1098","1997","NZ","New Zealand",0.052060737527115,138
"1099","1998","NZ","New Zealand",0.0532859680284192,176
"1100","1999","NZ","New Zealand",0.0514705882352941,184
"1101","2000","NZ","New Zealand",0.0558858501783591,236
"1102","2001","NZ","New Zealand",0.0580580580580581,265
"1103","2002","NZ","New Zealand",0.0673788003286771,356
"1104","2003","NZ","New Zealand",0.0781140042223786,380
"1105","2004","NZ","New Zealand",0.081453634085213,359
"1106","2005","NZ","New Zealand",0.0881656804733728,330
"1107","2006","NZ","New Zealand",0.101027397260274,327
"1108","2007","NZ","New Zealand",0.112033195020747,291
"1109","2008","NZ","New Zealand",0.113900796080833,326
"1110","2009","NZ","New Zealand",0.115455100794136,363
"1111","2010","NZ","New Zealand",0.113483831604637,332
"1112","2011","NZ","New Zealand",0.0868530636525877,353
"1113","2012","NZ","New Zealand",0.071826280623608,384
"1114","2013","NZ","New Zealand",0.0668016194331984,440
"1115","2014","NZ","New Zealand",0.0682948891904116,451
"1116","2015","NZ","New Zealand",0.0570583262890955,562
"1117","2016","NZ","New Zealand",0.0759063444108761,400
"1118","2017","NZ","New Zealand",0.0713530655391121,292
"1119","2018","NZ","New Zealand",0.0680948737566947,139
"1120","2019","NZ","New Zealand",0.0681818181818182,41
"1121","1980","PL","Poland",0,0
"1122","1981","PL","Poland",0,0
"1123","1982","PL","Poland",0,0
"1124","1983","PL","Poland",0,0
"1125","1984","PL","Poland",0,0
"1126","1985","PL","Poland",0,0
"1127","1986","PL","Poland",0,0
"1128","1987","PL","Poland",0.0849056603773585,38
"1129","1988","PL","Poland",0,0
"1130","1989","PL","Poland",0.0758293838862559,35
"1131","1990","PL","Poland",0.08,40
"1132","1991","PL","Poland",0,0
"1133","1992","PL","Poland",0,0
"1134","1993","PL","Poland",0.119318181818182,32
"1135","1994","PL","Poland",0,0
"1136","1995","PL","Poland",0.140449438202247,33
"1137","1996","PL","Poland",0.135869565217391,44
"1138","1997","PL","Poland",0,0
"1139","1998","PL","Poland",0.130208333333333,43
"1140","1999","PL","Poland",0.143478260869565,78
"1141","2000","PL","Poland",0.151394422310757,53
"1142","2001","PL","Poland",0.133079847908745,45
"1143","2002","PL","Poland",0.119453924914676,74
"1144","2003","PL","Poland",0.134146341463415,78
"1145","2004","PL","Poland",0.138504155124654,111
"1146","2005","PL","Poland",0.115294117647059,117
"1147","2006","PL","Poland",0.111332007952286,123
"1148","2007","PL","Poland",0.136704119850187,105
"1149","2008","PL","Poland",0.129533678756477,123
"1150","2009","PL","Poland",0.115015974440895,158
"1151","2010","PL","Poland",0.125,155
"1152","2011","PL","Poland",0.141705069124424,248
"1153","2012","PL","Poland",0.152121697357886,257
"1154","2013","PL","Poland",0.129032258064516,305
"1155","2014","PL","Poland",0.118973074514715,377
"1156","2015","PL","Poland",0.123397435897436,364
"1157","2016","PL","Poland",0.118070953436807,348
"1158","2017","PL","Poland",0.0710982658959538,338
"1159","2018","PL","Poland",0.0676451818761966,215
"1160","2019","PL","Poland",0.0669745958429561,70
"1161","1980","PT","Portugal",0,0
"1162","1981","PT","Portugal",0,0
"1163","1982","PT","Portugal",0,0
"1164","1983","PT","Portugal",0,0
"1165","1984","PT","Portugal",0,0
"1166","1985","PT","Portugal",0,0
"1167","1986","PT","Portugal",0,0
"1168","1987","PT","Portugal",0,0
"1169","1988","PT","Portugal",0,0
"1170","1989","PT","Portugal",0,0
"1171","1990","PT","Portugal",0,0
"1172","1991","PT","Portugal",0,0
"1173","1992","PT","Portugal",0,0
"1174","1993","PT","Portugal",0,0
"1175","1994","PT","Portugal",0,0
"1176","1995","PT","Portugal",0,0
"1177","1996","PT","Portugal",0,0
"1178","1997","PT","Portugal",0,0
"1179","1998","PT","Portugal",0,0
"1180","1999","PT","Portugal",0,0
"1181","2000","PT","Portugal",0,0
"1182","2001","PT","Portugal",0,0
"1183","2002","PT","Portugal",0,0
"1184","2003","PT","Portugal",0,0
"1185","2004","PT","Portugal",0,0
"1186","2005","PT","Portugal",0,0
"1187","2006","PT","Portugal",0,0
"1188","2007","PT","Portugal",0.141414141414141,44
"1189","2008","PT","Portugal",0.16597510373444,75
"1190","2009","PT","Portugal",0.15358361774744,89
"1191","2010","PT","Portugal",0.164345403899721,103
"1192","2011","PT","Portugal",0.218992248062016,104
"1193","2012","PT","Portugal",0.261758691206544,73
"1194","2013","PT","Portugal",0.197560975609756,118
"1195","2014","PT","Portugal",0.263698630136986,112
"1196","2015","PT","Portugal",0.192579505300353,118
"1197","2016","PT","Portugal",0.191379310344828,108
"1198","2017","PT","Portugal",0.209964412811388,130
"1199","2018","PT","Portugal",0.0873949579831933,75
"1200","2019","PT","Portugal",0,0
"1201","1980","RU","Russia",0,0
"1202","1981","RU","Russia",0,0
"1203","1982","RU","Russia",0,0
"1204","1983","RU","Russia",0,0
"1205","1984","RU","Russia",0,0
"1206","1985","RU","Russia",0,0
"1207","1986","RU","Russia",0,0
"1208","1987","RU","Russia",0,0
"1209","1988","RU","Russia",0,0
"1210","1989","RU","Russia",0,0
"1211","1990","RU","Russia",0,0
"1212","1991","RU","Russia",0,0
"1213","1992","RU","Russia",0,0
"1214","1993","RU","Russia",0,0
"1215","1994","RU","Russia",0,0
"1216","1995","RU","Russia",0,0
"1217","1996","RU","Russia",0,0
"1218","1997","RU","Russia",0.118460019743337,341
"1219","1998","RU","Russia",0.106060606060606,487
"1220","1999","RU","Russia",0.110107284020328,434
"1221","2000","RU","Russia",0.12032598274209,584
"1222","2001","RU","Russia",0.123355263157895,586
"1223","2002","RU","Russia",0.116088092571855,588
"1224","2003","RU","Russia",0.117078410311493,601
"1225","2004","RU","Russia",0.113971850326124,554
"1226","2005","RU","Russia",0.104735568613896,564
"1227","2006","RU","Russia",0.102353780313837,497
"1228","2007","RU","Russia",0.0994043186895011,470
"1229","2008","RU","Russia",0.104182509505703,545
"1230","2009","RU","Russia",0.104910714285714,612
"1231","2010","RU","Russia",0.101073676416142,577
"1232","2011","RU","Russia",0.0934144595561918,590
"1233","2012","RU","Russia",0.0958531611148878,618
"1234","2013","RU","Russia",0.0861742424242424,771
"1235","2014","RU","Russia",0.0804354399758089,751
"1236","2015","RU","Russia",0.0745164960182025,786
"1237","2016","RU","Russia",0.07400327689787,736
"1238","2017","RU","Russia",0.0655293799079339,649
"1239","2018","RU","Russia",0.0597410241318423,476
"1240","2019","RU","Russia",0.0552407932011331,177
"1241","1980","SE","Sweden",0,0
"1242","1981","SE","Sweden",0.018361581920904,1143
"1243","1982","SE","Sweden",0.0195512108420351,992
"1244","1983","SE","Sweden",0.0191044776119403,999
"1245","1984","SE","Sweden",0.0178537511870845,967
"1246","1985","SE","Sweden",0.0168292216484988,1128
"1247","1986","SE","Sweden",0.0203888993770059,1211
"1248","1987","SE","Sweden",0.0219004524886878,1220
"1249","1988","SE","Sweden",0.0258407079646018,1124
"1250","1989","SE","Sweden",0.0315626077957917,1115
"1251","1990","SE","Sweden",0.0355392156862745,1042
"1252","1991","SE","Sweden",0.0377087448374933,1068
"1253","1992","SE","Sweden",0.0419798350137489,1106
"1254","1993","SE","Sweden",0.0456424079065589,1234
"1255","1994","SE","Sweden",0.04731032065884,1257
"1256","1995","SE","Sweden",0.0514682155534043,1533
"1257","1996","SE","Sweden",0.0566037735849057,1495
"1258","1997","SE","Sweden",0.0594318808604523,1733
"1259","1998","SE","Sweden",0.0607412916821619,2049
"1260","1999","SE","Sweden",0.0627221409157433,2756
"1261","2000","SE","Sweden",0.0644692635975665,2980
"1262","2001","SE","Sweden",0.0621494968118614,3499
"1263","2002","SE","Sweden",0.0660666536229048,4049
"1264","2003","SE","Sweden",0.0702827946768061,3548
"1265","2004","SE","Sweden",0.070749005362394,3267
"1266","2005","SE","Sweden",0.0736885197964793,2736
"1267","2006","SE","Sweden",0.076487428429176,2468
"1268","2007","SE","Sweden",0.0764742225578362,2548
"1269","2008","SE","Sweden",0.0770259804266704,3184
"1270","2009","SE","Sweden",0.0801008262148158,3346
"1271","2010","SE","Sweden",0.0799698227084119,4360
"1272","2011","SE","Sweden",0.0802451936472555,4094
"1273","2012","SE","Sweden",0.0798554058494906,4127
"1274","2013","SE","Sweden",0.0787082803747117,4302
"1275","2014","SE","Sweden",0.0774521942495529,4599
"1276","2015","SE","Sweden",0.0757189042028246,5112
"1277","2016","SE","Sweden",0.0693096324016684,5205
"1278","2017","SE","Sweden",0.0712679396491802,3637
"1279","2018","SE","Sweden",0.0703381869422264,2484
"1280","2019","SE","Sweden",0.0700192321390412,644
"1281","1980","SG","Singapore",0,0
"1282","1981","SG","Singapore",0,0
"1283","1982","SG","Singapore",0,0
"1284","1983","SG","Singapore",0,0
"1285","1984","SG","Singapore",0,0
"1286","1985","SG","Singapore",0,0
"1287","1986","SG","Singapore",0,0
"1288","1987","SG","Singapore",0,0
"1289","1988","SG","Singapore",0,0
"1290","1989","SG","Singapore",0,0
"1291","1990","SG","Singapore",0,0
"1292","1991","SG","Singapore",0,0
"1293","1992","SG","Singapore",0,0
"1294","1993","SG","Singapore",0,0
"1295","1994","SG","Singapore",0,0
"1296","1995","SG","Singapore",0,0
"1297","1996","SG","Singapore",0.142857142857143,126
"1298","1997","SG","Singapore",0.16600790513834,143
"1299","1998","SG","Singapore",0.167711598746081,203
"1300","1999","SG","Singapore",0.16243654822335,233
"1301","2000","SG","Singapore",0.147482014388489,407
"1302","2001","SG","Singapore",0.132748538011696,724
"1303","2002","SG","Singapore",0.127554615926709,1271
"1304","2003","SG","Singapore",0.125750065223063,1198
"1305","2004","SG","Singapore",0.123641894828335,1002
"1306","2005","SG","Singapore",0.128806983511154,960
"1307","2006","SG","Singapore",0.133208955223881,929
"1308","2007","SG","Singapore",0.136582430806258,897
"1309","2008","SG","Singapore",0.146871794871795,1087
"1310","2009","SG","Singapore",0.151448551448551,1132
"1311","2010","SG","Singapore",0.150697503671072,1403
"1312","2011","SG","Singapore",0.151743472927983,1188
"1313","2012","SG","Singapore",0.151871832597679,1307
"1314","2013","SG","Singapore",0.155534941249227,1438
"1315","2014","SG","Singapore",0.154723127035831,1418
"1316","2015","SG","Singapore",0.158584534731324,1516
"1317","2016","SG","Singapore",0.156653884391422,1362
"1318","2017","SG","Singapore",0.15474981870921,1161
"1319","2018","SG","Singapore",0.145872129112353,987
"1320","2019","SG","Singapore",0.143854492008084,417
"1321","1980","SI","Slovenia",0,0
"1322","1981","SI","Slovenia",0,0
"1323","1982","SI","Slovenia",0,0
"1324","1983","SI","Slovenia",0,0
"1325","1984","SI","Slovenia",0,0
"1326","1985","SI","Slovenia",0,0
"1327","1986","SI","Slovenia",0,0
"1328","1987","SI","Slovenia",0,0
"1329","1988","SI","Slovenia",0,0
"1330","1989","SI","Slovenia",0,0
"1331","1990","SI","Slovenia",0,0
"1332","1991","SI","Slovenia",0,0
"1333","1992","SI","Slovenia",0,0
"1334","1993","SI","Slovenia",0,0
"1335","1994","SI","Slovenia",0,0
"1336","1995","SI","Slovenia",0,0
"1337","1996","SI","Slovenia",0,0
"1338","1997","SI","Slovenia",0,0
"1339","1998","SI","Slovenia",0,0
"1340","1999","SI","Slovenia",0,0
"1341","2000","SI","Slovenia",0,0
"1342","2001","SI","Slovenia",0,0
"1343","2002","SI","Slovenia",0,0
"1344","2003","SI","Slovenia",0,0
"1345","2004","SI","Slovenia",0,0
"1346","2005","SI","Slovenia",0.142322097378277,62
"1347","2006","SI","Slovenia",0.135338345864662,40
"1348","2007","SI","Slovenia",0.171717171717172,66
"1349","2008","SI","Slovenia",0.186885245901639,68
"1350","2009","SI","Slovenia",0.197368421052632,68
"1351","2010","SI","Slovenia",0.19672131147541,63
"1352","2011","SI","Slovenia",0.192771084337349,80
"1353","2012","SI","Slovenia",0.108527131782946,67
"1354","2013","SI","Slovenia",0.150887573964497,70
"1355","2014","SI","Slovenia",0.135446685878963,67
"1356","2015","SI","Slovenia",0.0416666666666667,92
"1357","2016","SI","Slovenia",0.0453514739229025,73
"1358","2017","SI","Slovenia",0.1,58
"1359","2018","SI","Slovenia",0.0428571428571429,48
"1360","2019","SI","Slovenia",0,0
"1361","1980","TR","Turkey",0,0
"1362","1981","TR","Turkey",0,0
"1363","1982","TR","Turkey",0,0
"1364","1983","TR","Turkey",0,0
"1365","1984","TR","Turkey",0,0
"1366","1985","TR","Turkey",0,0
"1367","1986","TR","Turkey",0,0
"1368","1987","TR","Turkey",0,0
"1369","1988","TR","Turkey",0,0
"1370","1989","TR","Turkey",0,0
"1371","1990","TR","Turkey",0,0
"1372","1991","TR","Turkey",0,0
"1373","1992","TR","Turkey",0,0
"1374","1993","TR","Turkey",0,0
"1375","1994","TR","Turkey",0,0
"1376","1995","TR","Turkey",0,0
"1377","1996","TR","Turkey",0,0
"1378","1997","TR","Turkey",0,0
"1379","1998","TR","Turkey",0,0
"1380","1999","TR","Turkey",0,0
"1381","2000","TR","Turkey",0,0
"1382","2001","TR","Turkey",0,0
"1383","2002","TR","Turkey",0,0
"1384","2003","TR","Turkey",0,0
"1385","2004","TR","Turkey",0,0
"1386","2005","TR","Turkey",0,0
"1387","2006","TR","Turkey",0.125581395348837,48
"1388","2007","TR","Turkey",0.11353711790393,46
"1389","2008","TR","Turkey",0.100418410041841,61
"1390","2009","TR","Turkey",0.0930232558139535,59
"1391","2010","TR","Turkey",0.096875,106
"1392","2011","TR","Turkey",0.121908127208481,142
"1393","2012","TR","Turkey",0.0872093023255814,120
"1394","2013","TR","Turkey",0.0655737704918033,130
"1395","2014","TR","Turkey",0.0694050991501416,186
"1396","2015","TR","Turkey",0.0996978851963746,249
"1397","2016","TR","Turkey",0.121410992616899,223
"1398","2017","TR","Turkey",0.107677902621723,176
"1399","2018","TR","Turkey",0.103971962616822,152
"1400","2019","TR","Turkey",0.10124826629681,41
"1401","1980","TW","Taiwan",0,0
"1402","1981","TW","Taiwan",0,0
"1403","1982","TW","Taiwan",0,0
"1404","1983","TW","Taiwan",0.215846994535519,67
"1405","1984","TW","Taiwan",0.199040767386091,89
"1406","1985","TW","Taiwan",0.193359375,169
"1407","1986","TW","Taiwan",0.19811320754717,213
"1408","1987","TW","Taiwan",0.191294387170676,335
"1409","1988","TW","Taiwan",0.195892575039494,460
"1410","1989","TW","Taiwan",0.189127972819932,589
"1411","1990","TW","Taiwan",0.193050193050193,734
"1412","1991","TW","Taiwan",0.196732026143791,942
"1413","1992","TW","Taiwan",0.19941348973607,1026
"1414","1993","TW","Taiwan",0.201459531180893,1231
"1415","1994","TW","Taiwan",0.206915477497256,1533
"1416","1995","TW","Taiwan",0.215003866976025,1733
"1417","1996","TW","Taiwan",0.218251351707767,2060
"1418","1997","TW","Taiwan",0.217967599410898,2270
"1419","1998","TW","Taiwan",0.221677559912854,3420
"1420","1999","TW","Taiwan",0.221779548472776,4071
"1421","2000","TW","Taiwan",0.216211453744493,5204
"1422","2001","TW","Taiwan",0.213926608090965,6318
"1423","2002","TW","Taiwan",0.213196480938416,8267
"1424","2003","TW","Taiwan",0.214352486601022,8232
"1425","2004","TW","Taiwan",0.215724107943582,8776
"1426","2005","TW","Taiwan",0.216330885271933,8711
"1427","2006","TW","Taiwan",0.218429792947495,8467
"1428","2007","TW","Taiwan",0.222127128053294,9046
"1429","2008","TW","Taiwan",0.22532671371641,9917
"1430","2009","TW","Taiwan",0.227119798986415,10821
"1431","2010","TW","Taiwan",0.231568351117375,11419
"1432","2011","TW","Taiwan",0.23251678804502,11662
"1433","2012","TW","Taiwan",0.235711973528037,11787
"1434","2013","TW","Taiwan",0.236517230129977,12552
"1435","2014","TW","Taiwan",0.238621189891363,13241
"1436","2015","TW","Taiwan",0.239675233346119,13326
"1437","2016","TW","Taiwan",0.241423165695803,12783
"1438","2017","TW","Taiwan",0.239276389406938,12442
"1439","2018","TW","Taiwan",0.238163558106169,9544
"1440","2019","TW","Taiwan",0.236348235294118,5030
"1441","1980","US","United States",0.030447519103983,42845
"1442","1981","US","United States",0.0312774711699012,51293
"1443","1982","US","United States",0.0319189745508982,44642
"1444","1983","US","United States",0.0330193114082097,41544
"1445","1984","US","United States",0.0346823429164533,40307
"1446","1985","US","United States",0.0368152154301783,49457
"1447","1986","US","United States",0.0393003814409697,49773
"1448","1987","US","United States",0.0420105378030897,53503
"1449","1988","US","United States",0.044870599112726,53558
"1450","1989","US","United States",0.0479809039943938,67693
"1451","1990","US","United States",0.0510596346134756,67602
"1452","1991","US","United States",0.053977889257576,75589
"1453","1992","US","United States",0.0571278518448972,76390
"1454","1993","US","United States",0.0591601594495713,78986
"1455","1994","US","United States",0.0611460838221855,93167
"1456","1995","US","United States",0.0628337368578157,97982
"1457","1996","US","United States",0.065402942870608,111803
"1458","1997","US","United States",0.0685964427020071,116980
"1459","1998","US","United States",0.0713686596968516,149954
"1460","1999","US","United States",0.0737761724417193,156724
"1461","2000","US","United States",0.0760820807035489,164533
"1462","2001","US","United States",0.0777831278521608,194768
"1463","2002","US","United States",0.0790539615387518,261552
"1464","2003","US","United States",0.0811991632836529,246904
"1465","2004","US","United States",0.0820458045833972,221086
"1466","2005","US","United States",0.0827273762536624,208471
"1467","2006","US","United States",0.0831735540671099,201580
"1468","2007","US","United States",0.083634101275406,189227
"1469","2008","US","United States",0.0829960385807785,201492
"1470","2009","US","United States",0.083900554768002,201631
"1471","2010","US","United States",0.0845063655536415,205119
"1472","2011","US","United States",0.0863214319337225,199236
"1473","2012","US","United States",0.0878109127243746,211860
"1474","2013","US","United States",0.0871905944041012,229706
"1475","2014","US","United States",0.087484604501084,260092
"1476","2015","US","United States",0.0897464940203755,235381
"1477","2016","US","United States",0.0898605106868664,234265
"1478","2017","US","United States",0.0898346355067962,204237
"1479","2018","US","United States",0.0879014514594734,143878
"1480","2019","US","United States",0.0876737029993539,65288
